fecha,hora_24,lecturas,consumo_real_kwh,consumo_reportado_kwh,hora_ampm
2026-01-01,0,5000,19686.33,19686.64,12 AM
2026-01-01,1,5000,21827.31,21735.94,1 AM
2026-01-01,2,5000,23484.55,23305.31,2 AM
2026-01-01,3,5000,24003.06,23810.7,3 AM
2026-01-01,4,5000,23758.2,23518.26,4 AM
2026-01-01,5,5000,23185.39,22936.83,5 AM
2026-01-01,6,5000,23466.61,23204.72,6 AM
2026-01-01,7,5000,23564.81,23328.56,7 AM
2026-01-01,8,5000,23744.17,23500.74,8 AM
2026-01-01,9,5000,22720.64,22523.13,9 AM
2026-01-01,10,5000,21350.81,21160.42,10 AM
2026-01-01,11,5000,19715.11,19536.05,11 AM
2026-01-01,12,5000,18313.3,18149.76,12 PM
2026-01-01,13,5000,16912.7,16759.26,1 PM
2026-01-01,14,5000,15626.25,15486.18,2 PM
2026-01-01,15,5000,15677.45,15521.24,3 PM
2026-01-01,16,5000,15879.19,15587.71,4 PM
2026-01-01,17,5000,16691.69,16273.28,5 PM
2026-01-01,18,5000,19214.35,18624.75,6 PM
2026-01-01,19,5000,22043.48,21434.33,7 PM
2026-01-01,20,5000,25380.21,24607.26,8 PM
2026-01-01,21,5000,28472.53,27536.97,9 PM
2026-01-01,22,5000,30529.18,29660.36,10 PM
2026-01-01,23,5000,31068.15,30195.44,11 PM
2026-01-02,0,5002,18282.18,17770.36,12 AM
2026-01-02,1,5002,19255.84,18707.57,1 AM
2026-01-02,2,5002,19362.43,18879.89,2 AM
2026-01-02,3,5002,18951.87,18446.72,3 AM
2026-01-02,4,5002,18798.8,18286.07,4 AM
2026-01-02,5,5002,19821.64,19260.82,5 AM
2026-01-02,6,5002,22317.5,21830.11,6 AM
2026-01-02,7,5002,23860.36,23498.03,7 AM
2026-01-02,8,5002,24402.86,24071.79,8 AM
2026-01-02,9,5002,23306.01,22993.91,9 AM
2026-01-02,10,5002,21964.17,21795.99,10 AM
2026-01-02,11,5002,20473.48,20335.76,11 AM
2026-01-02,12,5002,18668.73,18544.9,12 PM
2026-01-02,13,5002,17837.89,17717.77,1 PM
2026-01-02,14,5002,17362.72,17255.43,2 PM
2026-01-02,15,5002,17600.19,17478.27,3 PM
2026-01-02,16,5002,17831.8,17697.74,4 PM
2026-01-02,17,5002,18866.92,18704.7,5 PM
2026-01-02,18,5002,21087.73,20846.73,6 PM
2026-01-02,19,5002,22807.86,22402.65,7 PM
2026-01-02,20,5002,24776.78,24273.55,8 PM
2026-01-02,21,5002,25752.87,25199.5,9 PM
2026-01-02,22,5002,25195.31,24576.38,10 PM
2026-01-02,23,5002,23052.48,22513.38,11 PM
2026-01-03,0,5004,18587.51,18236.13,12 AM
2026-01-03,1,5004,20415.56,20018.46,1 AM
2026-01-03,2,5004,21475.09,21185.43,2 AM
2026-01-03,3,5004,21334.5,21043.06,3 AM
2026-01-03,4,5004,20800.0,20532.09,4 AM
2026-01-03,5,5004,20565.96,20250.26,5 AM
2026-01-03,6,5004,21305.78,20999.22,6 AM
2026-01-03,7,5004,22311.16,22007.34,7 AM
2026-01-03,8,5004,23410.01,23109.86,8 AM
2026-01-03,9,5004,22823.8,22515.46,9 AM
2026-01-03,10,5004,22168.43,21897.21,10 AM
2026-01-03,11,5004,21107.64,20854.47,11 AM
2026-01-03,12,5004,19999.71,19732.49,12 PM
2026-01-03,13,5004,18545.36,18229.03,1 PM
2026-01-03,14,5004,17205.11,16906.77,2 PM
2026-01-03,15,5004,16637.78,16369.61,3 PM
2026-01-03,16,5004,17274.36,16918.94,4 PM
2026-01-03,17,5004,18362.19,18020.84,5 PM
2026-01-03,18,5004,20653.41,20277.55,6 PM
2026-01-03,19,5004,23204.58,22750.04,7 PM
2026-01-03,20,5004,25856.32,25308.74,8 PM
2026-01-03,21,5004,28064.4,27488.95,9 PM
2026-01-03,22,5004,28934.2,28320.92,10 PM
2026-01-03,23,5004,28184.56,27619.25,11 PM
2026-01-04,0,5007,19793.48,19481.03,12 AM
2026-01-04,1,5007,22066.16,21692.16,1 AM
2026-01-04,2,5007,23584.43,23117.87,2 AM
2026-01-04,3,5007,24179.59,23702.56,3 AM
2026-01-04,4,5007,23952.75,23489.18,4 AM
2026-01-04,5,5007,23369.53,22929.16,5 AM
2026-01-04,6,5007,23577.25,23187.53,6 AM
2026-01-04,7,5007,23640.83,23283.84,7 AM
2026-01-04,8,5007,23868.72,23542.02,8 AM
2026-01-04,9,5007,23000.64,22697.24,9 AM
2026-01-04,10,5007,21838.77,21571.13,10 AM
2026-01-04,11,5007,20257.36,19756.44,11 AM
2026-01-04,12,5007,18452.9,17984.56,12 PM
2026-01-04,13,5007,17263.23,16729.3,1 PM
2026-01-04,14,5007,15795.45,15283.44,2 PM
2026-01-04,15,5007,15719.22,15206.1,3 PM
2026-01-04,16,5007,15774.53,15368.6,4 PM
2026-01-04,17,5007,16973.74,16541.94,5 PM
2026-01-04,18,5007,19550.18,19108.65,6 PM
2026-01-04,19,5007,22339.14,21989.68,7 PM
2026-01-04,20,5007,25632.94,25317.9,8 PM
2026-01-04,21,5007,28917.66,28535.85,9 PM
2026-01-04,22,5007,30843.66,30459.0,10 PM
2026-01-04,23,5007,31173.53,30884.45,11 PM
2026-01-05,0,5009,18920.56,18746.09,12 AM
2026-01-05,1,5009,19915.46,19693.57,1 AM
2026-01-05,2,5009,20013.66,19778.45,2 AM
2026-01-05,3,5009,19622.05,19406.64,3 AM
2026-01-05,4,5009,19792.68,19640.07,4 AM
2026-01-05,5,5009,21148.36,20906.97,5 AM
2026-01-05,6,5009,24313.13,23973.68,6 AM
2026-01-05,7,5009,26024.26,25556.0,7 AM
2026-01-05,8,5009,26769.18,26235.17,8 AM
2026-01-05,9,5009,25127.97,24952.29,9 AM
2026-01-05,10,5009,23917.59,23758.39,10 AM
2026-01-05,11,5009,22304.5,22159.97,11 AM
2026-01-05,12,5009,20204.37,20085.69,12 PM
2026-01-05,13,5009,18400.21,18308.91,1 PM
2026-01-05,14,5009,17448.79,17341.03,2 PM
2026-01-05,15,5009,17368.4,17272.19,3 PM
2026-01-05,16,5009,17740.38,17627.19,4 PM
2026-01-05,17,5009,19015.4,18820.83,5 PM
2026-01-05,18,5009,21391.58,20831.11,6 PM
2026-01-05,19,5009,24033.72,23500.58,7 PM
2026-01-05,20,5009,26223.12,25663.82,8 PM
2026-01-05,21,5009,27147.92,26621.25,9 PM
2026-01-05,22,5009,26283.7,25663.82,10 PM
2026-01-05,23,5009,24178.26,23682.19,11 PM
2026-01-06,0,5011,19010.81,18614.48,12 AM
2026-01-06,1,5011,19922.76,19518.48,1 AM
2026-01-06,2,5011,19987.08,19654.15,2 AM
2026-01-06,3,5011,19633.89,19296.68,3 AM
2026-01-06,4,5011,19642.27,19291.28,4 AM
2026-01-06,5,5011,21169.75,20779.83,5 AM
2026-01-06,6,5011,23963.6,23661.93,6 AM
2026-01-06,7,5011,26080.24,25831.03,7 AM
2026-01-06,8,5011,26850.9,26599.7,8 AM
2026-01-06,9,5011,25251.41,25024.0,9 AM
2026-01-06,10,5011,24192.78,23962.96,10 AM
2026-01-06,11,5011,22740.18,22513.8,11 AM
2026-01-06,12,5011,21004.31,20921.22,12 PM
2026-01-06,13,5011,19034.22,18961.93,1 PM
2026-01-06,14,5011,17666.6,17577.71,2 PM
2026-01-06,15,5011,17475.28,17403.89,3 PM
2026-01-06,16,5011,17895.77,17762.3,4 PM
2026-01-06,17,5011,19409.03,19269.05,5 PM
2026-01-06,18,5011,22201.44,22058.78,6 PM
2026-01-06,19,5011,24609.66,24459.07,7 PM
2026-01-06,20,5011,26669.0,26527.32,8 PM
2026-01-06,21,5011,27503.46,27318.05,9 PM
2026-01-06,22,5011,26680.18,26415.36,10 PM
2026-01-06,23,5011,24353.55,24111.47,11 PM
2026-01-07,0,5012,18682.3,18522.12,12 AM
2026-01-07,1,5012,19749.04,19555.86,1 AM
2026-01-07,2,5012,19585.29,19318.56,2 AM
2026-01-07,3,5012,19251.77,18974.37,3 AM
2026-01-07,4,5012,19252.69,19018.48,4 AM
2026-01-07,5,5012,20474.45,20186.54,5 AM
2026-01-07,6,5012,23086.01,22735.17,6 AM
2026-01-07,7,5012,24656.67,24296.04,7 AM
2026-01-07,8,5012,25450.13,25155.97,8 AM
2026-01-07,9,5012,24182.77,23887.13,9 AM
2026-01-07,10,5012,23200.28,22998.19,10 AM
2026-01-07,11,5012,21630.66,21481.51,11 AM
2026-01-07,12,5012,19836.24,19675.58,12 PM
2026-01-07,13,5012,18322.4,18179.41,1 PM
2026-01-07,14,5012,17483.83,17220.13,2 PM
2026-01-07,15,5012,17461.69,17192.13,3 PM
2026-01-07,16,5012,17902.1,17554.43,4 PM
2026-01-07,17,5012,19108.68,18830.23,5 PM
2026-01-07,18,5012,21394.56,21039.36,6 PM
2026-01-07,19,5012,23878.45,23517.46,7 PM
2026-01-07,20,5012,25932.07,25589.13,8 PM
2026-01-07,21,5012,26686.84,26356.79,9 PM
2026-01-07,22,5012,25996.42,25688.46,10 PM
2026-01-07,23,5012,23727.93,23435.64,11 PM
2026-01-08,0,5016,19079.85,18868.13,12 AM
2026-01-08,1,5016,19920.88,19784.76,1 AM
2026-01-08,2,5016,20067.81,19967.83,2 AM
2026-01-08,3,5016,19870.75,19766.57,3 AM
2026-01-08,4,5016,19986.31,19691.36,4 AM
2026-01-08,5,5016,21513.86,21118.05,5 AM
2026-01-08,6,5016,24612.37,24080.26,6 AM
2026-01-08,7,5016,26390.24,25751.34,7 AM
2026-01-08,8,5016,27007.19,26253.67,8 AM
2026-01-08,9,5016,25754.47,25288.95,9 AM
2026-01-08,10,5016,24242.38,23672.2,10 AM
2026-01-08,11,5016,22394.72,21866.17,11 AM
2026-01-08,12,5016,20443.32,19980.91,12 PM
2026-01-08,13,5016,18538.02,18139.81,1 PM
2026-01-08,14,5016,17486.21,17127.74,2 PM
2026-01-08,15,5016,17351.19,17002.79,3 PM
2026-01-08,16,5016,18027.85,17569.63,4 PM
2026-01-08,17,5016,18940.89,18511.91,5 PM
2026-01-08,18,5016,21645.35,21213.36,6 PM
2026-01-08,19,5016,24149.21,23704.16,7 PM
2026-01-08,20,5016,26390.56,25929.95,8 PM
2026-01-08,21,5016,27382.75,27035.47,9 PM
2026-01-08,22,5016,26627.73,26296.87,10 PM
2026-01-08,23,5016,24248.96,23950.82,11 PM
2026-01-09,0,5018,18882.03,18671.61,12 AM
2026-01-09,1,5018,19849.3,19666.04,1 AM
2026-01-09,2,5018,19963.26,19758.22,2 AM
2026-01-09,3,5018,19559.27,19425.38,3 AM
2026-01-09,4,5018,19694.72,19616.68,4 AM
2026-01-09,5,5018,21106.45,20973.13,5 AM
2026-01-09,6,5018,24097.42,23934.31,6 AM
2026-01-09,7,5018,25757.6,25576.89,7 AM
2026-01-09,8,5018,26406.41,26239.78,8 AM
2026-01-09,9,5018,25180.32,25025.85,9 AM
2026-01-09,10,5018,23731.88,23595.85,10 AM
2026-01-09,11,5018,21771.16,21654.21,11 AM
2026-01-09,12,5018,19786.2,19661.3,12 PM
2026-01-09,13,5018,18185.11,18137.68,1 PM
2026-01-09,14,5018,17482.22,17473.2,2 PM
2026-01-09,15,5018,17518.44,17499.68,3 PM
2026-01-09,16,5018,17875.24,17852.42,4 PM
2026-01-09,17,5018,18873.75,18843.3,5 PM
2026-01-09,18,5018,21158.1,21057.21,6 PM
2026-01-09,19,5018,23667.51,23520.73,7 PM
2026-01-09,20,5018,25833.08,25645.65,8 PM
2026-01-09,21,5018,26989.15,26785.25,9 PM
2026-01-09,22,5018,26146.42,25959.61,10 PM
2026-01-09,23,5018,24122.51,23923.26,11 PM
2026-01-10,0,5021,19180.49,19071.11,12 AM
2026-01-10,1,5021,21074.42,20909.16,1 AM
2026-01-10,2,5021,22114.69,21988.81,2 AM
2026-01-10,3,5021,22022.4,21864.37,3 AM
2026-01-10,4,5021,21686.83,21565.03,4 AM
2026-01-10,5,5021,21671.26,21563.91,5 AM
2026-01-10,6,5021,22764.19,22679.22,6 AM
2026-01-10,7,5021,23880.73,23714.92,7 AM
2026-01-10,8,5021,25222.02,25037.16,8 AM
2026-01-10,9,5021,24239.42,24092.24,9 AM
2026-01-10,10,5021,23508.63,23369.77,10 AM
2026-01-10,11,5021,22269.41,22133.65,11 AM
2026-01-10,12,5021,20660.01,20421.04,12 PM
2026-01-10,13,5021,19226.34,19012.99,1 PM
2026-01-10,14,5021,17765.35,17588.61,2 PM
2026-01-10,15,5021,16649.46,16385.03,3 PM
2026-01-10,16,5021,17507.97,17296.5,4 PM
2026-01-10,17,5021,18685.08,18452.68,5 PM
2026-01-10,18,5021,21228.15,21053.69,6 PM
2026-01-10,19,5021,23901.38,23711.52,7 PM
2026-01-10,20,5021,26702.05,26438.24,8 PM
2026-01-10,21,5021,29009.81,28728.87,9 PM
2026-01-10,22,5021,30051.23,29886.91,10 PM
2026-01-10,23,5021,29202.75,29061.81,11 PM
2026-01-11,0,5023,19184.14,19149.77,12 AM
2026-01-11,1,5023,21363.46,21320.14,1 AM
2026-01-11,2,5023,22819.55,22772.16,2 AM
2026-01-11,3,5023,23454.17,23348.56,3 AM
2026-01-11,4,5023,22996.58,22873.31,4 AM
2026-01-11,5,5023,22246.27,22080.75,5 AM
2026-01-11,6,5023,22328.63,22141.02,6 AM
2026-01-11,7,5023,22074.05,21879.98,7 AM
2026-01-11,8,5023,22286.64,22137.06,8 AM
2026-01-11,9,5023,21292.83,21102.62,9 AM
2026-01-11,10,5023,20278.04,20112.42,10 AM
2026-01-11,11,5023,18924.78,18761.0,11 AM
2026-01-11,12,5023,17535.61,17348.35,12 PM
2026-01-11,13,5023,16435.24,16298.6,1 PM
2026-01-11,14,5023,15877.61,15750.27,2 PM
2026-01-11,15,5023,15672.95,15511.43,3 PM
2026-01-11,16,5023,16037.78,15851.96,4 PM
2026-01-11,17,5023,16859.84,16813.21,5 PM
2026-01-11,18,5023,18775.04,18687.68,6 PM
2026-01-11,19,5023,21384.46,21252.43,7 PM
2026-01-11,20,5023,24462.22,24286.84,8 PM
2026-01-11,21,5023,27584.41,27398.96,9 PM
2026-01-11,22,5023,29578.28,29393.48,10 PM
2026-01-11,23,5023,29948.8,29800.16,11 PM
2026-01-12,0,5027,18528.14,18460.62,12 AM
2026-01-12,1,5027,19496.54,19647.2,1 AM
2026-01-12,2,5027,19577.7,19757.15,2 AM
2026-01-12,3,5027,19207.96,19106.91,3 AM
2026-01-12,4,5027,19013.84,18964.03,4 AM
2026-01-12,5,5027,20168.59,20129.35,5 AM
2026-01-12,6,5027,22536.73,22493.96,6 AM
2026-01-12,7,5027,24312.82,24098.4,7 AM
2026-01-12,8,5027,25100.79,24843.96,8 AM
2026-01-12,9,5027,23981.68,23692.79,9 AM
2026-01-12,10,5027,22669.25,22273.4,10 AM
2026-01-12,11,5027,21405.68,20963.21,11 AM
2026-01-12,12,5027,19791.48,19287.65,12 PM
2026-01-12,13,5027,18177.65,17732.84,1 PM
2026-01-12,14,5027,17359.38,16953.64,2 PM
2026-01-12,15,5027,17250.38,16849.44,3 PM
2026-01-12,16,5027,17893.25,17457.54,4 PM
2026-01-12,17,5027,19050.93,18588.4,5 PM
2026-01-12,18,5027,21260.58,20739.52,6 PM
2026-01-12,19,5027,23731.29,23205.35,7 PM
2026-01-12,20,5027,25777.71,25269.84,8 PM
2026-01-12,21,5027,26713.67,26255.47,9 PM
2026-01-12,22,5027,25768.59,25302.88,10 PM
2026-01-12,23,5027,23667.83,23306.98,11 PM
2026-01-13,0,5030,18846.6,18549.79,12 AM
2026-01-13,1,5030,19800.4,19481.3,1 AM
2026-01-13,2,5030,19737.7,19467.24,2 AM
2026-01-13,3,5030,19455.1,19211.54,3 AM
2026-01-13,4,5030,19298.64,19051.5,4 AM
2026-01-13,5,5030,20363.57,20251.25,5 AM
2026-01-13,6,5030,23081.3,22742.51,6 AM
2026-01-13,7,5030,24891.68,24400.0,7 AM
2026-01-13,8,5030,25761.2,25204.84,8 AM
2026-01-13,9,5030,24641.05,24025.37,9 AM
2026-01-13,10,5030,23387.96,22771.01,10 AM
2026-01-13,11,5030,22103.16,21572.98,11 AM
2026-01-13,12,5030,20305.89,19825.11,12 PM
2026-01-13,13,5030,18901.77,18488.29,1 PM
2026-01-13,14,5030,17885.46,17493.23,2 PM
2026-01-13,15,5030,17432.44,17134.35,3 PM
2026-01-13,16,5030,17953.64,17643.36,4 PM
2026-01-13,17,5030,19458.68,19164.38,5 PM
2026-01-13,18,5030,22170.19,21868.45,6 PM
2026-01-13,19,5030,24438.26,24231.88,7 PM
2026-01-13,20,5030,26470.3,26248.14,8 PM
2026-01-13,21,5030,27224.34,27115.0,9 PM
2026-01-13,22,5030,26293.55,26030.9,10 PM
2026-01-13,23,5030,24009.69,23760.65,11 PM
2026-01-14,0,5032,18746.01,18479.46,12 AM
2026-01-14,1,5032,19697.06,19569.57,1 AM
2026-01-14,2,5032,19723.84,19612.55,2 AM
2026-01-14,3,5032,19321.25,19282.99,3 AM
2026-01-14,4,5032,19373.97,19194.8,4 AM
2026-01-14,5,5032,20681.65,20621.84,5 AM
2026-01-14,6,5032,23402.46,23337.96,6 AM
2026-01-14,7,5032,25192.71,25076.32,7 AM
2026-01-14,8,5032,25651.38,25499.86,8 AM
2026-01-14,9,5032,24094.59,23948.56,9 AM
2026-01-14,10,5032,23069.91,22941.23,10 AM
2026-01-14,11,5032,21499.17,21375.53,11 AM
2026-01-14,12,5032,19552.53,19364.13,12 PM
2026-01-14,13,5032,17748.62,17526.33,1 PM
2026-01-14,14,5032,17527.91,17271.97,2 PM
2026-01-14,15,5032,17194.34,16932.81,3 PM
2026-01-14,16,5032,17952.96,17687.61,4 PM
2026-01-14,17,5032,18974.64,18713.53,5 PM
2026-01-14,18,5032,21189.32,20917.22,6 PM
2026-01-14,19,5032,23194.89,22890.66,7 PM
2026-01-14,20,5032,25410.77,25079.16,8 PM
2026-01-14,21,5032,26536.42,26180.88,9 PM
2026-01-14,22,5032,25776.03,25474.21,10 PM
2026-01-14,23,5032,23736.74,23565.92,11 PM
2026-01-15,0,5035,18842.75,18758.79,12 AM
2026-01-15,1,5035,19901.05,19861.51,1 AM
2026-01-15,2,5035,19922.18,19890.78,2 AM
2026-01-15,3,5035,19605.12,19650.53,3 AM
2026-01-15,4,5035,19637.92,19546.38,4 AM
2026-01-15,5,5035,20979.09,20970.12,5 AM
2026-01-15,6,5035,23696.47,23651.31,6 AM
2026-01-15,7,5035,25709.13,25647.45,7 AM
2026-01-15,8,5035,26410.66,26345.43,8 AM
2026-01-15,9,5035,24970.28,24898.14,9 AM
2026-01-15,10,5035,23819.3,23751.03,10 AM
2026-01-15,11,5035,21922.46,21858.14,11 AM
2026-01-15,12,5035,20139.11,19960.32,12 PM
2026-01-15,13,5035,18329.22,18145.41,1 PM
2026-01-15,14,5035,17438.53,17261.9,2 PM
2026-01-15,15,5035,17373.1,17174.4,3 PM
2026-01-15,16,5035,17930.53,17839.69,4 PM
2026-01-15,17,5035,19012.11,18923.09,5 PM
2026-01-15,18,5035,21458.72,21332.7,6 PM
2026-01-15,19,5035,23949.36,23804.83,7 PM
2026-01-15,20,5035,26077.75,25910.96,8 PM
2026-01-15,21,5035,27023.48,26831.34,9 PM
2026-01-15,22,5035,26319.04,26128.94,10 PM
2026-01-15,23,5035,24092.9,23879.43,11 PM
2026-01-16,0,5038,18444.62,18306.08,12 AM
2026-01-16,1,5038,19269.11,19055.55,1 AM
2026-01-16,2,5038,19241.29,19026.28,2 AM
2026-01-16,3,5038,18824.99,18635.08,3 AM
2026-01-16,4,5038,18721.83,18541.88,4 AM
2026-01-16,5,5038,19632.47,19573.58,5 AM
2026-01-16,6,5038,21966.72,21844.78,6 AM
2026-01-16,7,5038,23524.03,23292.9,7 AM
2026-01-16,8,5038,24029.62,23818.67,8 AM
2026-01-16,9,5038,23022.05,22838.16,9 AM
2026-01-16,10,5038,22152.73,21939.22,10 AM
2026-01-16,11,5038,20459.79,20306.62,11 AM
2026-01-16,12,5038,18738.89,18572.94,12 PM
2026-01-16,13,5038,17787.7,17618.56,1 PM
2026-01-16,14,5038,17430.6,17208.06,2 PM
2026-01-16,15,5038,17182.72,17015.1,3 PM
2026-01-16,16,5038,17800.54,17603.74,4 PM
2026-01-16,17,5038,18887.61,18642.27,5 PM
2026-01-16,18,5038,20985.57,20863.23,6 PM
2026-01-16,19,5038,23114.38,22948.32,7 PM
2026-01-16,20,5038,25046.97,24702.88,8 PM
2026-01-16,21,5038,25933.18,25406.65,9 PM
2026-01-16,22,5038,25296.05,24868.3,10 PM
2026-01-16,23,5038,23224.94,22843.48,11 PM
2026-01-17,0,5041,18938.09,18675.21,12 AM
2026-01-17,1,5041,20739.37,20511.97,1 AM
2026-01-17,2,5041,21836.46,21588.65,2 AM
2026-01-17,3,5041,21931.65,21668.82,3 AM
2026-01-17,4,5041,21471.48,21241.36,4 AM
2026-01-17,5,5041,21234.29,21012.93,5 AM
2026-01-17,6,5041,22360.96,22155.76,6 AM
2026-01-17,7,5041,23561.33,23328.5,7 AM
2026-01-17,8,5041,24498.34,24405.5,8 AM
2026-01-17,9,5041,23649.4,23633.28,9 AM
2026-01-17,10,5041,22668.07,22653.02,10 AM
2026-01-17,11,5041,21416.7,21407.06,11 AM
2026-01-17,12,5041,20023.79,20042.3,12 PM
2026-01-17,13,5041,18335.29,18271.93,1 PM
2026-01-17,14,5041,17164.79,17119.25,2 PM
2026-01-17,15,5041,16620.21,16563.13,3 PM
2026-01-17,16,5041,16974.48,16928.16,4 PM
2026-01-17,17,5041,18144.16,18078.81,5 PM
2026-01-17,18,5041,20682.91,20570.22,6 PM
2026-01-17,19,5041,23347.51,23232.59,7 PM
2026-01-17,20,5041,26123.82,25971.8,8 PM
2026-01-17,21,5041,28527.5,28321.62,9 PM
2026-01-17,22,5041,29494.96,29238.54,10 PM
2026-01-17,23,5041,28731.97,28494.17,11 PM
2026-01-18,0,5048,19815.05,19685.92,12 AM
2026-01-18,1,5048,22059.44,21849.62,1 AM
2026-01-18,2,5048,23572.14,23423.37,2 AM
2026-01-18,3,5048,24021.2,23832.69,3 AM
2026-01-18,4,5048,23694.27,23543.58,4 AM
2026-01-18,5,5048,23046.26,22973.73,5 AM
2026-01-18,6,5048,23116.91,23069.73,6 AM
2026-01-18,7,5048,23181.27,23113.31,7 AM
2026-01-18,8,5048,23460.74,23390.61,8 AM
2026-01-18,9,5048,22608.96,22552.26,9 AM
2026-01-18,10,5048,21578.09,21545.98,10 AM
2026-01-18,11,5048,20187.53,20193.35,11 AM
2026-01-18,12,5048,18710.41,18721.59,12 PM
2026-01-18,13,5048,17468.74,17494.3,1 PM
2026-01-18,14,5048,16061.22,16087.88,2 PM
2026-01-18,15,5048,15777.61,15821.97,3 PM
2026-01-18,16,5048,16095.44,16135.52,4 PM
2026-01-18,17,5048,17272.08,17286.35,5 PM
2026-01-18,18,5048,19919.21,19901.34,6 PM
2026-01-18,19,5048,22548.35,22485.58,7 PM
2026-01-18,20,5048,25904.46,25736.88,8 PM
2026-01-18,21,5048,28870.53,29052.81,9 PM
2026-01-18,22,5048,30863.57,31049.16,10 PM
2026-01-18,23,5048,31212.01,31011.91,11 PM
2026-01-19,0,5049,18553.51,18509.27,12 AM
2026-01-19,1,5049,19492.82,19407.85,1 AM
2026-01-19,2,5049,19480.79,19297.96,2 AM
2026-01-19,3,5049,19073.63,18820.94,3 AM
2026-01-19,4,5049,18955.66,18752.46,4 AM
2026-01-19,5,5049,20003.15,19839.3,5 AM
2026-01-19,6,5049,22256.74,22073.75,6 AM
2026-01-19,7,5049,23714.46,23565.07,7 AM
2026-01-19,8,5049,24495.7,24385.78,8 AM
2026-01-19,9,5049,23387.37,23292.87,9 AM
2026-01-19,10,5049,22466.07,22348.34,10 AM
2026-01-19,11,5049,20882.14,20779.36,11 AM
2026-01-19,12,5049,19305.35,19205.16,12 PM
2026-01-19,13,5049,17897.3,17822.47,1 PM
2026-01-19,14,5049,17534.95,17449.4,2 PM
2026-01-19,15,5049,17581.47,17505.41,3 PM
2026-01-19,16,5049,18084.72,18028.42,4 PM
2026-01-19,17,5049,19207.43,19126.9,5 PM
2026-01-19,18,5049,21186.3,21049.16,6 PM
2026-01-19,19,5049,23285.15,23143.9,7 PM
2026-01-19,20,5049,25450.07,25261.16,8 PM
2026-01-19,21,5049,26375.81,26163.83,9 PM
2026-01-19,22,5049,25651.01,25418.35,10 PM
2026-01-19,23,5049,23522.6,23386.18,11 PM
2026-01-20,0,5055,19439.71,19329.46,12 AM
2026-01-20,1,5055,20334.4,20240.77,1 AM
2026-01-20,2,5055,20346.21,20273.11,2 AM
2026-01-20,3,5055,20047.55,19958.12,3 AM
2026-01-20,4,5055,19962.27,19876.55,4 AM
2026-01-20,5,5055,21415.75,21330.77,5 AM
2026-01-20,6,5055,24119.76,23943.24,6 AM
2026-01-20,7,5055,26354.01,26029.75,7 AM
2026-01-20,8,5055,27151.53,26791.56,8 AM
2026-01-20,9,5055,26061.33,25696.88,9 AM
2026-01-20,10,5055,25327.0,24979.65,10 AM
2026-01-20,11,5055,23503.41,23111.86,11 AM
2026-01-20,12,5055,21854.63,21424.11,12 PM
2026-01-20,13,5055,20328.01,19459.72,1 PM
2026-01-20,14,5055,19025.94,18309.99,2 PM
2026-01-20,15,5055,18074.16,17410.71,3 PM
2026-01-20,16,5055,19187.34,18505.3,4 PM
2026-01-20,17,5055,20638.73,19986.78,5 PM
2026-01-20,18,5055,23420.72,22820.46,6 PM
2026-01-20,19,5055,25751.91,25132.11,7 PM
2026-01-20,20,5055,27648.82,27044.24,8 PM
2026-01-20,21,5055,28392.15,27827.78,9 PM
2026-01-20,22,5055,27490.72,26933.64,10 PM
2026-01-20,23,5055,24993.13,24594.93,11 PM
2026-01-21,0,5058,19173.51,18879.85,12 AM
2026-01-21,1,5058,20147.19,19622.99,1 AM
2026-01-21,2,5058,20245.08,19793.24,2 AM
2026-01-21,3,5058,19831.99,19362.33,3 AM
2026-01-21,4,5058,19726.65,19222.17,4 AM
2026-01-21,5,5058,21168.27,20481.52,5 AM
2026-01-21,6,5058,23929.79,23047.1,6 AM
2026-01-21,7,5058,25694.24,24681.53,7 AM
2026-01-21,8,5058,26621.35,25759.95,8 AM
2026-01-21,9,5058,25463.76,24616.28,9 AM
2026-01-21,10,5058,24377.72,23940.2,10 AM
2026-01-21,11,5058,22879.54,22454.25,11 AM
2026-01-21,12,5058,21027.78,20766.92,12 PM
2026-01-21,13,5058,19109.39,18870.91,1 PM
2026-01-21,14,5058,17671.09,17463.31,2 PM
2026-01-21,15,5058,17563.63,17375.45,3 PM
2026-01-21,16,5058,18182.17,18007.22,4 PM
2026-01-21,17,5058,19558.06,19361.21,5 PM
2026-01-21,18,5058,22322.62,22810.84,6 PM
2026-01-21,19,5058,24812.42,25053.82,7 PM
2026-01-21,20,5058,26779.29,26901.87,8 PM
2026-01-21,21,5058,27623.76,27316.57,9 PM
2026-01-21,22,5058,26806.98,26492.3,10 PM
2026-01-21,23,5058,24383.34,24129.7,11 PM
2026-01-22,0,5061,19041.36,18851.25,12 AM
2026-01-22,1,5061,20087.43,19877.07,1 AM
2026-01-22,2,5061,20192.73,19947.31,2 AM
2026-01-22,3,5061,19786.04,19601.4,3 AM
2026-01-22,4,5061,19806.51,19630.82,4 AM
2026-01-22,5,5061,21350.31,21158.99,5 AM
2026-01-22,6,5061,24132.73,23907.76,6 AM
2026-01-22,7,5061,25848.92,25608.44,7 AM
2026-01-22,8,5061,26632.9,26409.53,8 AM
2026-01-22,9,5061,25005.34,24794.77,9 AM
2026-01-22,10,5061,23847.59,23665.21,10 AM
2026-01-22,11,5061,22057.54,21881.72,11 AM
2026-01-22,12,5061,20289.38,20073.47,12 PM
2026-01-22,13,5061,18509.95,18321.46,1 PM
2026-01-22,14,5061,17522.34,17339.17,2 PM
2026-01-22,15,5061,17613.92,17495.25,3 PM
2026-01-22,16,5061,18111.31,18051.75,4 PM
2026-01-22,17,5061,19286.71,19146.53,5 PM
2026-01-22,18,5061,21638.43,21464.47,6 PM
2026-01-22,19,5061,24165.71,23957.56,7 PM
2026-01-22,20,5061,26331.11,26090.86,8 PM
2026-01-22,21,5061,27367.91,27157.16,9 PM
2026-01-22,22,5061,26648.25,26450.7,10 PM
2026-01-22,23,5061,24318.29,24147.01,11 PM
2026-01-23,0,5062,18925.43,18824.6,12 AM
2026-01-23,1,5062,19886.64,19784.88,1 AM
2026-01-23,2,5062,20028.33,19895.47,2 AM
2026-01-23,3,5062,19767.86,19518.62,3 AM
2026-01-23,4,5062,19689.22,19413.5,4 AM
2026-01-23,5,5062,21069.55,20711.44,5 AM
2026-01-23,6,5062,23838.02,23624.53,6 AM
2026-01-23,7,5062,25593.68,25369.86,7 AM
2026-01-23,8,5062,26151.09,25956.06,8 AM
2026-01-23,9,5062,24887.37,24622.27,9 AM
2026-01-23,10,5062,23692.32,23417.48,10 AM
2026-01-23,11,5062,21878.15,21634.35,11 AM
2026-01-23,12,5062,20104.63,19885.88,12 PM
2026-01-23,13,5062,18180.76,17979.83,1 PM
2026-01-23,14,5062,17429.65,17227.19,2 PM
2026-01-23,15,5062,17535.83,17320.77,3 PM
2026-01-23,16,5062,18012.32,17786.38,4 PM
2026-01-23,17,5062,19202.98,18938.73,5 PM
2026-01-23,18,5062,21405.69,21063.15,6 PM
2026-01-23,19,5062,23908.92,23510.99,7 PM
2026-01-23,20,5062,26074.64,25555.85,8 PM
2026-01-23,21,5062,27078.2,26601.72,9 PM
2026-01-23,22,5062,26425.0,25938.55,10 PM
2026-01-23,23,5062,24074.42,23665.38,11 PM
2026-01-24,0,5066,18674.52,18366.19,12 AM
2026-01-24,1,5066,20619.15,20280.09,1 AM
2026-01-24,2,5066,21629.26,21306.72,2 AM
2026-01-24,3,5066,21772.35,21493.76,3 AM
2026-01-24,4,5066,21213.65,20934.26,4 AM
2026-01-24,5,5066,21156.94,20874.18,5 AM
2026-01-24,6,5066,22079.14,21882.72,6 AM
2026-01-24,7,5066,23162.12,22921.75,7 AM
2026-01-24,8,5066,23722.63,23351.64,8 AM
2026-01-24,9,5066,23033.92,22692.81,9 AM
2026-01-24,10,5066,21722.7,21503.73,10 AM
2026-01-24,11,5066,20457.43,20232.16,11 AM
2026-01-24,12,5066,18901.91,18694.73,12 PM
2026-01-24,13,5066,17463.26,17246.44,1 PM
2026-01-24,14,5066,16942.05,16726.59,2 PM
2026-01-24,15,5066,16851.86,16701.61,3 PM
2026-01-24,16,5066,16948.18,16752.28,4 PM
2026-01-24,17,5066,17785.7,17588.55,5 PM
2026-01-24,18,5066,19742.0,19558.71,6 PM
2026-01-24,19,5066,22219.7,22040.33,7 PM
2026-01-24,20,5066,25031.46,24821.59,8 PM
2026-01-24,21,5066,27563.32,27336.41,9 PM
2026-01-24,22,5066,28631.9,28405.95,10 PM
2026-01-24,23,5066,27969.05,27765.35,11 PM
2026-01-25,0,5070,20067.81,19867.13,12 AM
2026-01-25,1,5070,22423.65,22216.83,1 AM
2026-01-25,2,5070,23996.55,23819.28,2 AM
2026-01-25,3,5070,24367.12,24163.82,3 AM
2026-01-25,4,5070,24173.44,23942.49,4 AM
2026-01-25,5,5070,23697.69,23440.41,5 AM
2026-01-25,6,5070,23928.02,23642.56,6 AM
2026-01-25,7,5070,23985.86,23701.43,7 AM
2026-01-25,8,5070,24101.37,23797.2,8 AM
2026-01-25,9,5070,23202.7,22951.74,9 AM
2026-01-25,10,5070,21792.12,21550.09,10 AM
2026-01-25,11,5070,20216.42,19929.25,11 AM
2026-01-25,12,5070,18504.35,18321.12,12 PM
2026-01-25,13,5070,17143.01,17073.45,1 PM
2026-01-25,14,5070,15940.79,15802.83,2 PM
2026-01-25,15,5070,15829.73,15729.83,3 PM
2026-01-25,16,5070,16118.38,16020.38,4 PM
2026-01-25,17,5070,16849.96,16794.77,5 PM
2026-01-25,18,5070,19505.37,19410.03,6 PM
2026-01-25,19,5070,22199.8,22073.24,7 PM
2026-01-25,20,5070,25687.92,25367.4,8 PM
2026-01-25,21,5070,28975.18,28638.17,9 PM
2026-01-25,22,5070,31136.49,30740.82,10 PM
2026-01-25,23,5070,31512.32,31027.42,11 PM
2026-01-26,0,5072,19174.1,18802.19,12 AM
2026-01-26,1,5072,20043.12,19665.03,1 AM
2026-01-26,2,5072,20098.34,19743.27,2 AM
2026-01-26,3,5072,19828.74,19495.93,3 AM
2026-01-26,4,5072,19779.01,19440.87,4 AM
2026-01-26,5,5072,21276.23,20966.54,5 AM
2026-01-26,6,5072,24145.12,23866.75,6 AM
2026-01-26,7,5072,25769.42,25508.48,7 AM
2026-01-26,8,5072,26603.73,26360.66,8 AM
2026-01-26,9,5072,25318.87,24964.15,9 AM
2026-01-26,10,5072,24086.55,23753.26,10 AM
2026-01-26,11,5072,22187.82,22002.89,11 AM
2026-01-26,12,5072,20461.28,20295.12,12 PM
2026-01-26,13,5072,18680.31,18389.9,1 PM
2026-01-26,14,5072,17675.26,17440.45,2 PM
2026-01-26,15,5072,17732.99,17510.29,3 PM
2026-01-26,16,5072,18130.78,17931.72,4 PM
2026-01-26,17,5072,19385.25,19183.9,5 PM
2026-01-26,18,5072,22007.82,21849.64,6 PM
2026-01-26,19,5072,24436.22,24310.92,7 PM
2026-01-26,20,5072,26537.86,26410.13,8 PM
2026-01-26,21,5072,27580.22,27447.29,9 PM
2026-01-26,22,5072,26756.18,26649.88,10 PM
2026-01-26,23,5072,24431.39,24321.72,11 PM
2026-01-27,0,5075,19045.46,18955.47,12 AM
2026-01-27,1,5075,20080.57,19972.3,1 AM
2026-01-27,2,5075,20112.35,20013.51,2 AM
2026-01-27,3,5075,19647.82,19444.37,3 AM
2026-01-27,4,5075,19606.86,19376.66,4 AM
2026-01-27,5,5075,20820.09,20476.83,5 AM
2026-01-27,6,5075,23529.91,23014.01,6 AM
2026-01-27,7,5075,25285.47,24636.63,7 AM
2026-01-27,8,5075,25993.67,25397.96,8 AM
2026-01-27,9,5075,24701.08,24221.91,9 AM
2026-01-27,10,5075,23851.71,23741.24,10 AM
2026-01-27,11,5075,22300.85,22067.69,11 AM
2026-01-27,12,5075,20575.59,20363.12,12 PM
2026-01-27,13,5075,18812.03,18597.8,1 PM
2026-01-27,14,5075,17665.02,17565.28,2 PM
2026-01-27,15,5075,17597.58,17585.84,3 PM
2026-01-27,16,5075,18115.44,18023.21,4 PM
2026-01-27,17,5075,19462.74,19336.65,5 PM
2026-01-27,18,5075,22081.61,21945.82,6 PM
2026-01-27,19,5075,24543.97,24315.2,7 PM
2026-01-27,20,5075,26608.06,26292.54,8 PM
2026-01-27,21,5075,27520.64,27223.68,9 PM
2026-01-27,22,5075,26685.5,26408.14,10 PM
2026-01-27,23,5075,24390.89,24120.08,11 PM
2026-01-28,0,5078,18856.97,18645.34,12 AM
2026-01-28,1,5078,19735.04,19508.86,1 AM
2026-01-28,2,5078,19812.82,19594.31,2 AM
2026-01-28,3,5078,19224.01,19050.94,3 AM
2026-01-28,4,5078,19078.89,18912.39,4 AM
2026-01-28,5,5078,20220.8,20047.12,5 AM
2026-01-28,6,5078,22477.22,22310.72,6 AM
2026-01-28,7,5078,24010.31,23796.26,7 AM
2026-01-28,8,5078,24669.87,24867.17,8 AM
2026-01-28,9,5078,23610.08,23450.12,9 AM
2026-01-28,10,5078,22347.76,22223.85,10 AM
2026-01-28,11,5078,21032.65,20923.54,11 AM
2026-01-28,12,5078,19164.85,19081.04,12 PM
2026-01-28,13,5078,17919.38,17851.7,1 PM
2026-01-28,14,5078,17768.8,17715.45,2 PM
2026-01-28,15,5078,17678.72,17600.56,3 PM
2026-01-28,16,5078,18146.96,18042.88,4 PM
2026-01-28,17,5078,19256.6,19161.25,5 PM
2026-01-28,18,5078,21327.1,21175.83,6 PM
2026-01-28,19,5078,23343.67,23139.07,7 PM
2026-01-28,20,5078,25445.53,25246.23,8 PM
2026-01-28,21,5078,26464.99,26250.88,9 PM
2026-01-28,22,5078,25807.36,25644.95,10 PM
2026-01-28,23,5078,23689.95,23515.62,11 PM
2026-01-29,0,5081,18896.09,18854.21,12 AM
2026-01-29,1,5081,19864.56,19807.25,1 AM
2026-01-29,2,5081,19824.49,19828.57,2 AM
2026-01-29,3,5081,19348.95,19335.49,3 AM
2026-01-29,4,5081,19312.44,19231.17,4 AM
2026-01-29,5,5081,20421.34,20220.57,5 AM
2026-01-29,6,5081,22853.56,22612.16,6 AM
2026-01-29,7,5081,24560.93,24255.2,7 AM
2026-01-29,8,5081,25072.99,24741.29,8 AM
2026-01-29,9,5081,23963.66,23641.41,9 AM
2026-01-29,10,5081,23062.86,22962.28,10 AM
2026-01-29,11,5081,21677.39,21606.0,11 AM
2026-01-29,12,5081,19729.03,19655.94,12 PM
2026-01-29,13,5081,18291.21,18224.63,1 PM
2026-01-29,14,5081,17591.09,17540.12,2 PM
2026-01-29,15,5081,17661.61,17593.68,3 PM
2026-01-29,16,5081,18095.05,17962.59,4 PM
2026-01-29,17,5081,19138.69,18967.4,5 PM
2026-01-29,18,5081,21542.55,21262.07,6 PM
2026-01-29,19,5081,23982.29,23610.7,7 PM
2026-01-29,20,5081,26006.56,25578.83,8 PM
2026-01-29,21,5081,26877.41,26374.29,9 PM
2026-01-29,22,5081,26110.94,25687.51,10 PM
2026-01-29,23,5081,24018.05,23606.29,11 PM
2026-01-30,0,5081,19115.41,18796.48,12 AM
2026-01-30,1,5081,20089.61,19768.68,1 AM
2026-01-30,2,5081,20120.35,19814.48,2 AM
2026-01-30,3,5081,19644.68,19453.83,3 AM
2026-01-30,4,5081,19823.08,19686.34,4 AM
2026-01-30,5,5081,21042.02,20922.07,5 AM
2026-01-30,6,5081,23905.16,23903.19,6 AM
2026-01-30,7,5081,25489.01,25512.33,7 AM
2026-01-30,8,5081,26360.85,26412.16,8 AM
2026-01-30,9,5081,25115.75,25114.72,9 AM
2026-01-30,10,5081,24259.12,24278.8,10 AM
2026-01-30,11,5081,22121.89,22083.28,11 AM
2026-01-30,12,5081,20325.3,20312.74,12 PM
2026-01-30,13,5081,18682.53,18658.56,1 PM
2026-01-30,14,5081,17569.15,17723.97,2 PM
2026-01-30,15,5081,17587.55,17705.72,3 PM
2026-01-30,16,5081,17990.5,17954.63,4 PM
2026-01-30,17,5081,19169.75,19102.96,5 PM
2026-01-30,18,5081,21843.15,21728.12,6 PM
2026-01-30,19,5081,24324.73,24023.17,7 PM
2026-01-30,20,5081,26500.99,26208.84,8 PM
2026-01-30,21,5081,27359.26,27069.57,9 PM
2026-01-30,22,5081,26713.81,26621.43,10 PM
2026-01-30,23,5081,24447.5,24377.63,11 PM
2026-01-31,0,5084,19082.58,19130.02,12 AM
2026-01-31,1,5084,20888.17,20791.65,1 AM
2026-01-31,2,5084,21818.16,21709.33,2 AM
2026-01-31,3,5084,21911.53,21812.44,3 AM
2026-01-31,4,5084,21229.72,21116.99,4 AM
2026-01-31,5,5084,21039.56,20949.69,5 AM
2026-01-31,6,5084,22036.43,21953.78,6 AM
2026-01-31,7,5084,23021.52,22937.49,7 AM
2026-01-31,8,5084,23904.29,23824.07,8 AM
2026-01-31,9,5084,23225.84,22944.57,9 AM
2026-01-31,10,5084,22679.4,22395.87,10 AM
2026-01-31,11,5084,21348.53,21082.49,11 AM
2026-01-31,12,5084,19948.67,19526.86,12 PM
2026-01-31,13,5084,18567.97,18079.63,1 PM
2026-01-31,14,5084,17182.03,16846.4,2 PM
2026-01-31,15,5084,16891.53,16535.21,3 PM
2026-01-31,16,5084,17179.46,16826.82,4 PM
2026-01-31,17,5084,18304.2,17935.35,5 PM
2026-01-31,18,5084,20787.85,20417.23,6 PM
2026-01-31,19,5084,23205.94,22785.11,7 PM
2026-01-31,20,5084,26211.49,25785.96,8 PM
2026-01-31,21,5084,28434.19,27975.74,9 PM
2026-01-31,22,5084,29337.58,28885.34,10 PM
2026-01-31,23,5084,28633.61,28160.05,11 PM
2026-02-01,0,5087,17773.36,17487.53,12 AM
2026-02-01,1,5087,19901.98,19547.12,1 AM
2026-02-01,2,5087,21316.05,20923.45,2 AM
2026-02-01,3,5087,21798.17,21412.34,3 AM
2026-02-01,4,5087,21392.4,20960.42,4 AM
2026-02-01,5,5087,20859.81,20569.1,5 AM
2026-02-01,6,5087,20552.82,20285.4,6 AM
2026-02-01,7,5087,20264.75,20020.39,7 AM
2026-02-01,8,5087,20066.59,19849.91,8 AM
2026-02-01,9,5087,18907.62,18730.73,9 AM
2026-02-01,10,5087,17655.45,17502.72,10 AM
2026-02-01,11,5087,16506.93,16391.29,11 AM
2026-02-01,12,5087,15914.93,15880.77,12 PM
2026-02-01,13,5087,15515.18,15475.55,1 PM
2026-02-01,14,5087,15230.08,15196.61,2 PM
2026-02-01,15,5087,15566.04,15445.35,3 PM
2026-02-01,16,5087,15390.63,15247.05,4 PM
2026-02-01,17,5087,16073.51,15914.56,5 PM
2026-02-01,18,5087,17950.56,17692.07,6 PM
2026-02-01,19,5087,20071.67,19752.78,7 PM
2026-02-01,20,5087,22606.31,22217.55,8 PM
2026-02-01,21,5087,24941.34,24451.47,9 PM
2026-02-01,22,5087,26501.01,25950.47,10 PM
2026-02-01,23,5087,27167.17,26623.51,11 PM
2026-02-02,0,5089,18202.74,17881.94,12 AM
2026-02-02,1,5089,20319.06,19982.26,1 AM
2026-02-02,2,5089,21827.31,21559.04,2 AM
2026-02-02,3,5089,22281.13,21984.77,3 AM
2026-02-02,4,5089,21797.18,21447.08,4 AM
2026-02-02,5,5089,21115.75,20761.02,5 AM
2026-02-02,6,5089,21139.33,20788.61,6 AM
2026-02-02,7,5089,20883.17,20504.36,7 AM
2026-02-02,8,5089,20912.73,20531.07,8 AM
2026-02-02,9,5089,19943.4,19583.85,9 AM
2026-02-02,10,5089,19005.56,18499.0,10 AM
2026-02-02,11,5089,17587.75,17350.91,11 AM
2026-02-02,12,5089,16519.0,16345.43,12 PM
2026-02-02,13,5089,15631.8,15465.35,1 PM
2026-02-02,14,5089,15362.83,15207.54,2 PM
2026-02-02,15,5089,15020.68,14878.79,3 PM
2026-02-02,16,5089,15420.21,15236.8,4 PM
2026-02-02,17,5089,16246.26,15992.48,5 PM
2026-02-02,18,5089,18080.79,17796.66,6 PM
2026-02-02,19,5089,20176.81,19852.59,7 PM
2026-02-02,20,5089,23060.01,22709.84,8 PM
2026-02-02,21,5089,26030.7,25610.82,9 PM
2026-02-02,22,5089,27846.13,27352.79,10 PM
2026-02-02,23,5089,28334.24,27802.88,11 PM
2026-02-03,0,5093,17904.6,17631.7,12 AM
2026-02-03,1,5093,18912.25,18578.67,1 AM
2026-02-03,2,5093,18915.12,18619.01,2 AM
2026-02-03,3,5093,18500.66,18238.77,3 AM
2026-02-03,4,5093,18552.65,18306.42,4 AM
2026-02-03,5,5093,19776.31,19522.58,5 AM
2026-02-03,6,5093,22367.55,22075.04,6 AM
2026-02-03,7,5093,23713.94,23451.84,7 AM
2026-02-03,8,5093,24173.45,23968.11,8 AM
2026-02-03,9,5093,22706.3,22548.53,9 AM
2026-02-03,10,5093,21305.02,21092.63,10 AM
2026-02-03,11,5093,19350.88,19122.31,11 AM
2026-02-03,12,5093,17569.71,17500.56,12 PM
2026-02-03,13,5093,17156.63,17087.02,1 PM
2026-02-03,14,5093,16838.07,16767.65,2 PM
2026-02-03,15,5093,17200.6,17105.86,3 PM
2026-02-03,16,5093,17406.2,17291.88,4 PM
2026-02-03,17,5093,18489.81,18342.19,5 PM
2026-02-03,18,5093,20360.58,20125.29,6 PM
2026-02-03,19,5093,22252.88,21929.32,7 PM
2026-02-03,20,5093,23793.44,23441.46,8 PM
2026-02-03,21,5093,24640.23,24267.48,9 PM
2026-02-03,22,5093,24291.64,23918.8,10 PM
2026-02-03,23,5093,22441.43,22070.74,11 PM
2026-02-04,0,5095,18168.49,17925.55,12 AM
2026-02-04,1,5095,19047.49,18711.66,1 AM
2026-02-04,2,5095,19215.29,18837.36,2 AM
2026-02-04,3,5095,18804.93,18461.05,3 AM
2026-02-04,4,5095,18890.56,18595.62,4 AM
2026-02-04,5,5095,19978.79,19698.36,5 AM
2026-02-04,6,5095,22873.42,22629.37,6 AM
2026-02-04,7,5095,24171.76,23768.22,7 AM
2026-02-04,8,5095,24790.52,24377.99,8 AM
2026-02-04,9,5095,23623.17,23211.08,9 AM
2026-02-04,10,5095,22257.82,21911.14,10 AM
2026-02-04,11,5095,20790.25,20357.79,11 AM
2026-02-04,12,5095,18816.71,18410.5,12 PM
2026-02-04,13,5095,17169.22,16822.99,1 PM
2026-02-04,14,5095,16843.99,16497.34,2 PM
2026-02-04,15,5095,16962.29,16624.9,3 PM
2026-02-04,16,5095,17307.41,16968.88,4 PM
2026-02-04,17,5095,18475.85,18098.47,5 PM
2026-02-04,18,5095,20458.39,20078.52,6 PM
2026-02-04,19,5095,22471.01,22015.91,7 PM
2026-02-04,20,5095,24560.5,24087.07,8 PM
2026-02-04,21,5095,25609.14,25070.75,9 PM
2026-02-04,22,5095,24972.33,24554.0,10 PM
2026-02-04,23,5095,22824.0,22461.51,11 PM
2026-02-05,0,5098,17410.33,17026.22,12 AM
2026-02-05,1,5098,18311.31,17914.77,1 AM
2026-02-05,2,5098,18370.43,17933.59,2 AM
2026-02-05,3,5098,17844.59,17432.54,3 AM
2026-02-05,4,5098,17626.48,17246.86,4 AM
2026-02-05,5,5098,18437.77,18035.91,5 AM
2026-02-05,6,5098,20439.8,19949.85,6 AM
2026-02-05,7,5098,21601.75,21061.67,7 AM
2026-02-05,8,5098,22008.48,21315.89,8 AM
2026-02-05,9,5098,20628.92,20322.75,9 AM
2026-02-05,10,5098,19442.07,19051.15,10 AM
2026-02-05,11,5098,18335.89,18079.2,11 AM
2026-02-05,12,5098,17694.09,17449.16,12 PM
2026-02-05,13,5098,17217.37,16998.34,1 PM
2026-02-05,14,5098,16913.45,16697.56,2 PM
2026-02-05,15,5098,17907.01,17659.38,3 PM
2026-02-05,16,5098,17751.02,17391.8,4 PM
2026-02-05,17,5098,18409.59,18024.74,5 PM
2026-02-05,18,5098,20397.4,19954.49,6 PM
2026-02-05,19,5098,22166.13,21620.38,7 PM
2026-02-05,20,5098,23742.79,23154.41,8 PM
2026-02-05,21,5098,24274.98,23767.68,9 PM
2026-02-05,22,5098,23475.93,22977.49,10 PM
2026-02-05,23,5098,21556.96,21091.02,11 PM
2026-02-06,0,5102,18292.59,17920.17,12 AM
2026-02-06,1,5102,19308.09,18934.0,1 AM
2026-02-06,2,5102,19322.89,18947.8,2 AM
2026-02-06,3,5102,18857.42,18555.14,3 AM
2026-02-06,4,5102,18944.45,18649.06,4 AM
2026-02-06,5,5102,20206.37,20053.54,5 AM
2026-02-06,6,5102,22778.71,22646.07,6 AM
2026-02-06,7,5102,24479.77,24336.36,7 AM
2026-02-06,8,5102,25386.16,25119.32,8 AM
2026-02-06,9,5102,24329.69,24231.8,9 AM
2026-02-06,10,5102,23034.63,22982.17,10 AM
2026-02-06,11,5102,21655.81,21625.77,11 AM
2026-02-06,12,5102,20049.03,20009.54,12 PM
2026-02-06,13,5102,18631.01,18606.76,1 PM
2026-02-06,14,5102,17261.0,17225.24,2 PM
2026-02-06,15,5102,16966.84,16899.48,3 PM
2026-02-06,16,5102,17552.91,17467.91,4 PM
2026-02-06,17,5102,19021.57,18902.07,5 PM
2026-02-06,18,5102,21521.69,21338.55,6 PM
2026-02-06,19,5102,23813.88,23556.51,7 PM
2026-02-06,20,5102,25758.21,25443.95,8 PM
2026-02-06,21,5102,26534.63,26234.99,9 PM
2026-02-06,22,5102,25808.97,25478.68,10 PM
2026-02-06,23,5102,23524.63,23194.89,11 PM
2026-02-07,0,5104,17627.04,17408.68,12 AM
2026-02-07,1,5104,19356.09,19112.94,1 AM
2026-02-07,2,5104,20227.11,19980.64,2 AM
2026-02-07,3,5104,20270.68,19926.99,3 AM
2026-02-07,4,5104,19731.08,19437.87,4 AM
2026-02-07,5,5104,19306.23,18958.94,5 AM
2026-02-07,6,5104,19931.8,19561.77,6 AM
2026-02-07,7,5104,20617.11,20279.13,7 AM
2026-02-07,8,5104,21401.3,21044.91,8 AM
2026-02-07,9,5104,20731.24,20342.28,9 AM
2026-02-07,10,5104,20082.17,19826.09,10 AM
2026-02-07,11,5104,19016.85,18800.0,11 AM
2026-02-07,12,5104,17714.83,17520.81,12 PM
2026-02-07,13,5104,16846.67,16661.9,1 PM
2026-02-07,14,5104,16198.41,16106.88,2 PM
2026-02-07,15,5104,16321.05,16220.96,3 PM
2026-02-07,16,5104,16374.42,16192.03,4 PM
2026-02-07,17,5104,17228.47,17020.67,5 PM
2026-02-07,18,5104,18928.45,18734.52,6 PM
2026-02-07,19,5104,20967.74,20653.82,7 PM
2026-02-07,20,5104,23657.5,23317.12,8 PM
2026-02-07,21,5104,25829.42,25422.97,9 PM
2026-02-07,22,5104,26891.76,26494.45,10 PM
2026-02-07,23,5104,26138.25,25777.49,11 PM
2026-02-08,0,5104,18162.35,17895.32,12 AM
2026-02-08,1,5104,20380.65,20063.77,1 AM
2026-02-08,2,5104,21997.29,21691.67,2 AM
2026-02-08,3,5104,22491.77,22165.9,3 AM
2026-02-08,4,5104,22113.25,21832.3,4 AM
2026-02-08,5,5104,21569.3,21295.13,5 AM
2026-02-08,6,5104,21693.25,21441.62,6 AM
2026-02-08,7,5104,21280.4,21011.62,7 AM
2026-02-08,8,5104,21141.16,20719.5,8 AM
2026-02-08,9,5104,19966.41,19544.43,9 AM
2026-02-08,10,5104,18686.09,18382.25,10 AM
2026-02-08,11,5104,17167.64,16897.79,11 AM
2026-02-08,12,5104,16046.91,15656.12,12 PM
2026-02-08,13,5104,15622.59,15229.26,1 PM
2026-02-08,14,5104,15282.43,14904.41,2 PM
2026-02-08,15,5104,15556.42,15167.83,3 PM
2026-02-08,16,5104,15423.51,15064.86,4 PM
2026-02-08,17,5104,16230.98,15833.12,5 PM
2026-02-08,18,5104,17964.75,17555.57,6 PM
2026-02-08,19,5104,20225.84,19745.86,7 PM
2026-02-08,20,5104,22726.92,22229.8,8 PM
2026-02-08,21,5104,25203.75,24591.31,9 PM
2026-02-08,22,5104,27408.26,26890.25,10 PM
2026-02-08,23,5104,28044.41,27743.6,11 PM
2026-02-09,0,5106,18336.58,18166.97,12 AM
2026-02-09,1,5106,19317.71,19184.67,1 AM
2026-02-09,2,5106,19504.55,19372.01,2 AM
2026-02-09,3,5106,19035.84,18885.38,3 AM
2026-02-09,4,5106,19053.64,18904.78,4 AM
2026-02-09,5,5106,20335.03,20154.56,5 AM
2026-02-09,6,5106,23201.5,22974.9,6 AM
2026-02-09,7,5106,24773.93,24544.4,7 AM
2026-02-09,8,5106,25652.25,25274.75,8 AM
2026-02-09,9,5106,24202.61,23832.84,9 AM
2026-02-09,10,5106,23057.6,22752.53,10 AM
2026-02-09,11,5106,21371.14,21103.63,11 AM
2026-02-09,12,5106,19480.55,19241.27,12 PM
2026-02-09,13,5106,17931.08,17719.13,1 PM
2026-02-09,14,5106,16880.93,16685.43,2 PM
2026-02-09,15,5106,16869.62,16665.24,3 PM
2026-02-09,16,5106,17325.63,17112.12,4 PM
2026-02-09,17,5106,18395.04,17989.87,5 PM
2026-02-09,18,5106,21049.22,20570.64,6 PM
2026-02-09,19,5106,23444.24,22929.32,7 PM
2026-02-09,20,5106,25417.56,24913.2,8 PM
2026-02-09,21,5106,26335.32,25859.86,9 PM
2026-02-09,22,5106,25635.61,25169.75,10 PM
2026-02-09,23,5106,23373.65,22975.14,11 PM
2026-02-10,0,5111,18438.6,18125.69,12 AM
2026-02-10,1,5111,19284.29,19032.96,1 AM
2026-02-10,2,5111,19389.26,19069.5,2 AM
2026-02-10,3,5111,18917.72,18692.77,3 AM
2026-02-10,4,5111,18982.39,18776.48,4 AM
2026-02-10,5,5111,20254.78,19952.61,5 AM
2026-02-10,6,5111,22932.93,22597.54,6 AM
2026-02-10,7,5111,24557.57,24210.8,7 AM
2026-02-10,8,5111,25187.18,24785.61,8 AM
2026-02-10,9,5111,24138.32,23703.89,9 AM
2026-02-10,10,5111,23160.28,22767.53,10 AM
2026-02-10,11,5111,21472.4,21051.29,11 AM
2026-02-10,12,5111,19781.77,19656.66,12 PM
2026-02-10,13,5111,18124.37,18036.17,1 PM
2026-02-10,14,5111,16859.85,16779.22,2 PM
2026-02-10,15,5111,16907.64,16817.22,3 PM
2026-02-10,16,5111,17401.45,17233.68,4 PM
2026-02-10,17,5111,18563.22,18304.84,5 PM
2026-02-10,18,5111,21174.81,20938.15,6 PM
2026-02-10,19,5111,23500.01,23313.11,7 PM
2026-02-10,20,5111,25541.24,25307.73,8 PM
2026-02-10,21,5111,26536.34,26339.55,9 PM
2026-02-10,22,5111,25608.66,25436.49,10 PM
2026-02-10,23,5111,23410.52,23268.96,11 PM
2026-02-11,0,5114,18118.32,18019.22,12 AM
2026-02-11,1,5114,19097.04,19000.92,1 AM
2026-02-11,2,5114,19200.16,19095.89,2 AM
2026-02-11,3,5114,18673.64,18554.44,3 AM
2026-02-11,4,5114,18725.86,18538.64,4 AM
2026-02-11,5,5114,19997.83,19848.71,5 AM
2026-02-11,6,5114,22434.84,22183.14,6 AM
2026-02-11,7,5114,24056.28,23800.15,7 AM
2026-02-11,8,5114,24673.84,24326.46,8 AM
2026-02-11,9,5114,23621.63,23311.2,9 AM
2026-02-11,10,5114,22475.49,22168.76,10 AM
2026-02-11,11,5114,20683.61,20428.96,11 AM
2026-02-11,12,5114,19100.87,18907.32,12 PM
2026-02-11,13,5114,17642.99,17551.02,1 PM
2026-02-11,14,5114,16938.93,16844.81,2 PM
2026-02-11,15,5114,16877.77,16764.98,3 PM
2026-02-11,16,5114,17453.16,17317.04,4 PM
2026-02-11,17,5114,18315.69,18140.01,5 PM
2026-02-11,18,5114,20605.23,20362.47,6 PM
2026-02-11,19,5114,22983.35,22693.48,7 PM
2026-02-11,20,5114,24977.83,24634.76,8 PM
2026-02-11,21,5114,25909.16,25483.32,9 PM
2026-02-11,22,5114,25349.16,25101.16,10 PM
2026-02-11,23,5114,23199.61,22867.68,11 PM
2026-02-12,0,5117,17830.23,17656.35,12 AM
2026-02-12,1,5117,18893.89,18553.51,1 AM
2026-02-12,2,5117,18995.7,18621.63,2 AM
2026-02-12,3,5117,18516.29,18245.69,3 AM
2026-02-12,4,5117,18702.61,18336.95,4 AM
2026-02-12,5,5117,19880.82,19512.19,5 AM
2026-02-12,6,5117,22671.27,22246.54,6 AM
2026-02-12,7,5117,23891.03,23475.93,7 AM
2026-02-12,8,5117,24356.65,23928.82,8 AM
2026-02-12,9,5117,22587.65,22321.14,9 AM
2026-02-12,10,5117,20868.61,20577.14,10 AM
2026-02-12,11,5117,19091.77,18822.8,11 AM
2026-02-12,12,5117,17686.97,17441.19,12 PM
2026-02-12,13,5117,17296.32,17173.81,1 PM
2026-02-12,14,5117,16816.32,16561.54,2 PM
2026-02-12,15,5117,17842.72,17613.6,3 PM
2026-02-12,16,5117,17686.62,17483.55,4 PM
2026-02-12,17,5117,18453.8,18272.51,5 PM
2026-02-12,18,5117,20545.93,20342.92,6 PM
2026-02-12,19,5117,22314.86,22130.08,7 PM
2026-02-12,20,5117,23935.6,23754.9,8 PM
2026-02-12,21,5117,24633.8,24361.21,9 PM
2026-02-12,22,5117,24287.03,24012.49,10 PM
2026-02-12,23,5117,22350.8,22162.62,11 PM
2026-02-13,0,5118,17786.6,17530.92,12 AM
2026-02-13,1,5118,18607.4,18319.23,1 AM
2026-02-13,2,5118,18643.74,18347.31,2 AM
2026-02-13,3,5118,18163.71,17922.87,3 AM
2026-02-13,4,5118,17975.37,17722.03,4 AM
2026-02-13,5,5118,18831.81,18484.78,5 AM
2026-02-13,6,5118,21159.92,20714.89,6 AM
2026-02-13,7,5118,22378.75,22080.79,7 AM
2026-02-13,8,5118,22800.57,22444.99,8 AM
2026-02-13,9,5118,21773.18,21285.14,9 AM
2026-02-13,10,5118,20541.23,20101.4,10 AM
2026-02-13,11,5118,19045.67,18621.71,11 AM
2026-02-13,12,5118,17786.55,17419.16,12 PM
2026-02-13,13,5118,17223.87,16874.44,1 PM
2026-02-13,14,5118,16786.34,16433.16,2 PM
2026-02-13,15,5118,17081.74,16782.84,3 PM
2026-02-13,16,5118,17411.62,17022.29,4 PM
2026-02-13,17,5118,18536.61,18149.19,5 PM
2026-02-13,18,5118,20502.5,20148.51,6 PM
2026-02-13,19,5118,22264.99,21953.34,7 PM
2026-02-13,20,5118,23866.76,23591.6,8 PM
2026-02-13,21,5118,24630.22,24379.77,9 PM
2026-02-13,22,5118,24118.12,23891.18,10 PM
2026-02-13,23,5118,22207.87,22004.82,11 PM
2026-02-14,0,5121,17994.62,17767.63,12 AM
2026-02-14,1,5121,19803.91,19586.57,1 AM
2026-02-14,2,5121,20775.67,20556.9,2 AM
2026-02-14,3,5121,20625.12,20425.52,3 AM
2026-02-14,4,5121,20043.87,19842.09,4 AM
2026-02-14,5,5121,19728.73,19497.09,5 AM
2026-02-14,6,5121,20358.03,20052.03,6 AM
2026-02-14,7,5121,21210.78,20896.52,7 AM
2026-02-14,8,5121,22134.97,21880.2,8 AM
2026-02-14,9,5121,21463.18,21175.57,9 AM
2026-02-14,10,5121,21036.46,20728.51,10 AM
2026-02-14,11,5121,19827.0,19525.31,11 AM
2026-02-14,12,5121,18676.88,18296.72,12 PM
2026-02-14,13,5121,17482.19,17040.51,1 PM
2026-02-14,14,5121,16238.13,15785.27,2 PM
2026-02-14,15,5121,16114.48,15669.89,3 PM
2026-02-14,16,5121,16379.5,15949.4,4 PM
2026-02-14,17,5121,17320.34,16923.04,5 PM
2026-02-14,18,5121,19566.26,19177.87,6 PM
2026-02-14,19,5121,21967.1,21602.48,7 PM
2026-02-14,20,5121,24588.68,24257.13,8 PM
2026-02-14,21,5121,26713.83,26412.23,9 PM
2026-02-14,22,5121,27704.42,27464.83,10 PM
2026-02-14,23,5121,27059.43,26747.86,11 PM
2026-02-15,0,5127,18599.03,18266.69,12 AM
2026-02-15,1,5127,20871.48,20508.99,1 AM
2026-02-15,2,5127,22383.83,22087.91,2 AM
2026-02-15,3,5127,22826.79,22451.32,3 AM
2026-02-15,4,5127,22393.17,22019.09,4 AM
2026-02-15,5,5127,21874.24,21440.5,5 AM
2026-02-15,6,5127,21725.52,21230.52,6 AM
2026-02-15,7,5127,21631.97,21143.78,7 AM
2026-02-15,8,5127,21839.03,21336.83,8 AM
2026-02-15,9,5127,20829.13,20265.14,9 AM
2026-02-15,10,5127,19590.29,19146.66,10 AM
2026-02-15,11,5127,18130.45,17803.05,11 AM
2026-02-15,12,5127,16878.96,16563.74,12 PM
2026-02-15,13,5127,15768.06,15404.98,1 PM
2026-02-15,14,5127,15388.58,15061.5,2 PM
2026-02-15,15,5127,15274.01,14893.18,3 PM
2026-02-15,16,5127,15504.83,15119.67,4 PM
2026-02-15,17,5127,16210.4,15873.46,5 PM
2026-02-15,18,5127,18225.22,17882.18,6 PM
2026-02-15,19,5127,20698.63,20418.95,7 PM
2026-02-15,20,5127,23701.02,23398.92,8 PM
2026-02-15,21,5127,26754.89,26383.83,9 PM
2026-02-15,22,5127,28684.76,28277.0,10 PM
2026-02-15,23,5127,29258.25,28879.19,11 PM
2026-02-16,0,5129,18131.46,17929.98,12 AM
2026-02-16,1,5129,19136.53,18905.52,1 AM
2026-02-16,2,5129,19085.13,18824.03,2 AM
2026-02-16,3,5129,18662.6,18394.75,3 AM
2026-02-16,4,5129,18694.89,18411.35,4 AM
2026-02-16,5,5129,20012.99,19621.9,5 AM
2026-02-16,6,5129,22533.32,22051.45,6 AM
2026-02-16,7,5129,23992.86,23452.18,7 AM
2026-02-16,8,5129,24519.22,23881.61,8 AM
2026-02-16,9,5129,22822.92,22136.8,9 AM
2026-02-16,10,5129,21506.77,20720.69,10 AM
2026-02-16,11,5129,19900.51,19222.56,11 AM
2026-02-16,12,5129,18162.14,17572.38,12 PM
2026-02-16,13,5129,17109.64,16600.53,1 PM
2026-02-16,14,5129,16994.28,16583.59,2 PM
2026-02-16,15,5129,16997.56,16601.25,3 PM
2026-02-16,16,5129,17318.72,16935.87,4 PM
2026-02-16,17,5129,18446.34,18188.53,5 PM
2026-02-16,18,5129,20530.03,20264.19,6 PM
2026-02-16,19,5129,22460.55,22192.63,7 PM
2026-02-16,20,5129,24156.68,23859.63,8 PM
2026-02-16,21,5129,25410.81,25085.4,9 PM
2026-02-16,22,5129,24802.1,24497.17,10 PM
2026-02-16,23,5129,22829.0,22483.81,11 PM
2026-02-17,0,5131,17947.56,17744.36,12 AM
2026-02-17,1,5131,18852.09,18702.54,1 AM
2026-02-17,2,5131,18828.6,18655.33,2 AM
2026-02-17,3,5131,18214.95,18021.73,3 AM
2026-02-17,4,5131,18054.49,17887.05,4 AM
2026-02-17,5,5131,18800.96,18628.06,5 AM
2026-02-17,6,5131,20891.56,20675.12,6 AM
2026-02-17,7,5131,22349.98,22073.89,7 AM
2026-02-17,8,5131,23081.23,22761.15,8 AM
2026-02-17,9,5131,22122.86,21784.59,9 AM
2026-02-17,10,5131,21083.85,20745.95,10 AM
2026-02-17,11,5131,20090.31,19771.75,11 AM
2026-02-17,12,5131,18508.19,18231.32,12 PM
2026-02-17,13,5131,17315.16,17072.66,1 PM
2026-02-17,14,5131,16887.78,16638.6,2 PM
2026-02-17,15,5131,16946.39,16748.99,3 PM
2026-02-17,16,5131,17483.11,17287.52,4 PM
2026-02-17,17,5131,18534.93,18351.79,5 PM
2026-02-17,18,5131,20495.26,20305.3,6 PM
2026-02-17,19,5131,22643.34,22405.14,7 PM
2026-02-17,20,5131,24638.5,24364.21,8 PM
2026-02-17,21,5131,25399.17,25171.07,9 PM
2026-02-17,22,5131,24756.22,24561.02,10 PM
2026-02-17,23,5131,22584.47,22409.16,11 PM
2026-02-18,0,5135,17941.41,17794.57,12 AM
2026-02-18,1,5135,18787.81,18671.3,1 AM
2026-02-18,2,5135,18883.48,18789.91,2 AM
2026-02-18,3,5135,18408.88,18315.58,3 AM
2026-02-18,4,5135,18106.53,17980.73,4 AM
2026-02-18,5,5135,19012.11,18837.59,5 AM
2026-02-18,6,5135,21418.66,21168.93,6 AM
2026-02-18,7,5135,22795.42,22504.15,7 AM
2026-02-18,8,5135,23282.35,22933.59,8 AM
2026-02-18,9,5135,22110.19,21744.55,9 AM
2026-02-18,10,5135,20869.8,20555.01,10 AM
2026-02-18,11,5135,19208.99,18840.26,11 AM
2026-02-18,12,5135,17938.34,17587.39,12 PM
2026-02-18,13,5135,17385.35,17023.73,1 PM
2026-02-18,14,5135,17029.93,16689.48,2 PM
2026-02-18,15,5135,16892.56,16576.46,3 PM
2026-02-18,16,5135,17379.66,17115.59,4 PM
2026-02-18,17,5135,18560.86,18272.18,5 PM
2026-02-18,18,5135,20616.95,20323.39,6 PM
2026-02-18,19,5135,22441.76,22153.55,7 PM
2026-02-18,20,5135,24016.95,23798.33,8 PM
2026-02-18,21,5135,24992.39,24736.61,9 PM
2026-02-18,22,5135,24483.62,24270.28,10 PM
2026-02-18,23,5135,22470.09,22317.05,11 PM
2026-02-19,0,5138,17872.17,17776.43,12 AM
2026-02-19,1,5138,18801.31,18792.44,1 AM
2026-02-19,2,5138,18879.48,18783.74,2 AM
2026-02-19,3,5138,18370.83,18207.6,3 AM
2026-02-19,4,5138,18263.99,18022.78,4 AM
2026-02-19,5,5138,19239.48,18998.49,5 AM
2026-02-19,6,5138,21646.11,21329.63,6 AM
2026-02-19,7,5138,22863.71,22500.79,7 AM
2026-02-19,8,5138,23295.3,22810.09,8 AM
2026-02-19,9,5138,22040.03,21625.01,9 AM
2026-02-19,10,5138,20770.69,20403.31,10 AM
2026-02-19,11,5138,19302.37,18974.55,11 AM
2026-02-19,12,5138,17866.5,17561.63,12 PM
2026-02-19,13,5138,17234.37,16976.25,1 PM
2026-02-19,14,5138,16903.41,16634.06,2 PM
2026-02-19,15,5138,17065.79,16742.84,3 PM
2026-02-19,16,5138,17524.32,17176.59,4 PM
2026-02-19,17,5138,18459.24,17909.98,5 PM
2026-02-19,18,5138,20614.99,20025.15,6 PM
2026-02-19,19,5138,22427.38,21727.26,7 PM
2026-02-19,20,5138,23816.88,23132.8,8 PM
2026-02-19,21,5138,24890.46,24221.56,9 PM
2026-02-19,22,5138,24396.55,23782.59,10 PM
2026-02-19,23,5138,22347.12,21844.62,11 PM
2026-02-20,0,5143,18071.21,17646.4,12 AM
2026-02-20,1,5143,18991.24,18554.8,1 AM
2026-02-20,2,5143,19100.74,18683.99,2 AM
2026-02-20,3,5143,18708.98,18249.6,3 AM
2026-02-20,4,5143,18673.76,18077.36,4 AM
2026-02-20,5,5143,19803.8,19041.35,5 AM
2026-02-20,6,5143,22393.96,21465.66,6 AM
2026-02-20,7,5143,23782.14,23124.26,7 AM
2026-02-20,8,5143,24090.66,23545.47,8 AM
2026-02-20,9,5143,22427.78,22028.75,9 AM
2026-02-20,10,5143,21258.17,20935.45,10 AM
2026-02-20,11,5143,19176.25,18936.0,11 AM
2026-02-20,12,5143,17905.24,17733.98,12 PM
2026-02-20,13,5143,17206.61,17050.76,1 PM
2026-02-20,14,5143,17075.67,16906.66,2 PM
2026-02-20,15,5143,17596.13,17475.14,3 PM
2026-02-20,16,5143,17586.85,17446.06,4 PM
2026-02-20,17,5143,18530.66,18388.58,5 PM
2026-02-20,18,5143,20628.59,20421.96,6 PM
2026-02-20,19,5143,22525.82,22291.76,7 PM
2026-02-20,20,5143,24060.79,23744.28,8 PM
2026-02-20,21,5143,24832.13,24493.56,9 PM
2026-02-20,22,5143,24529.38,24286.91,10 PM
2026-02-20,23,5143,22507.68,22253.19,11 PM
2026-02-21,0,5144,18420.5,18229.35,12 AM
2026-02-21,1,5144,20320.37,20080.28,1 AM
2026-02-21,2,5144,21241.47,20961.64,2 AM
2026-02-21,3,5144,21230.23,20962.81,3 AM
2026-02-21,4,5144,20862.51,20678.67,4 AM
2026-02-21,5,5144,20664.55,20491.79,5 AM
2026-02-21,6,5144,21572.34,21396.75,6 AM
2026-02-21,7,5144,22495.05,22318.62,7 AM
2026-02-21,8,5144,23303.72,23104.69,8 AM
2026-02-21,9,5144,22576.15,22420.73,9 AM
2026-02-21,10,5144,21785.8,21689.58,10 AM
2026-02-21,11,5144,20561.51,20478.64,11 AM
2026-02-21,12,5144,18978.68,18831.57,12 PM
2026-02-21,13,5144,17542.81,17375.55,1 PM
2026-02-21,14,5144,16353.58,16190.52,2 PM
2026-02-21,15,5144,16368.07,16244.55,3 PM
2026-02-21,16,5144,16588.81,16497.02,4 PM
2026-02-21,17,5144,17443.08,17328.86,5 PM
2026-02-21,18,5144,19651.03,19501.04,6 PM
2026-02-21,19,5144,22354.53,22214.98,7 PM
2026-02-21,20,5144,25066.94,24901.21,8 PM
2026-02-21,21,5144,27376.84,27190.13,9 PM
2026-02-21,22,5144,28501.63,28191.06,10 PM
2026-02-21,23,5144,27755.1,27428.34,11 PM
2026-02-22,0,5150,18848.66,18689.15,12 AM
2026-02-22,1,5150,21075.53,20920.37,1 AM
2026-02-22,2,5150,22393.77,22227.66,2 AM
2026-02-22,3,5150,22803.29,22628.08,3 AM
2026-02-22,4,5150,22522.47,22291.47,4 AM
2026-02-22,5,5150,21730.54,21523.17,5 AM
2026-02-22,6,5150,21649.95,21454.3,6 AM
2026-02-22,7,5150,21411.78,21260.53,7 AM
2026-02-22,8,5150,21740.4,21644.21,8 AM
2026-02-22,9,5150,21002.23,20938.84,9 AM
2026-02-22,10,5150,19931.53,19885.12,10 AM
2026-02-22,11,5150,18499.76,18495.12,11 AM
2026-02-22,12,5150,17303.33,17240.14,12 PM
2026-02-22,13,5150,16147.64,16088.71,1 PM
2026-02-22,14,5150,15271.25,15212.97,2 PM
2026-02-22,15,5150,15282.27,15227.15,3 PM
2026-02-22,16,5150,15527.8,15484.8,4 PM
2026-02-22,17,5150,16259.6,16220.61,5 PM
2026-02-22,18,5150,18650.53,18590.4,6 PM
2026-02-22,19,5150,21254.89,21135.93,7 PM
2026-02-22,20,5150,24273.56,24068.22,8 PM
2026-02-22,21,5150,27238.94,27033.84,9 PM
2026-02-22,22,5150,29248.94,28960.45,10 PM
2026-02-22,23,5150,29537.95,29132.45,11 PM
2026-02-23,0,5154,18320.73,18130.32,12 AM
2026-02-23,1,5154,19273.58,18950.96,1 AM
2026-02-23,2,5154,19311.7,19005.95,2 AM
2026-02-23,3,5154,18862.11,18531.65,3 AM
2026-02-23,4,5154,18684.45,18351.24,4 AM
2026-02-23,5,5154,19855.13,19464.38,5 AM
2026-02-23,6,5154,22514.9,21978.33,6 AM
2026-02-23,7,5154,23796.58,23164.63,7 AM
2026-02-23,8,5154,24347.58,23612.92,8 AM
2026-02-23,9,5154,22884.35,22196.74,9 AM
2026-02-23,10,5154,21416.54,20831.54,10 AM
2026-02-23,11,5154,19853.32,19253.99,11 AM
2026-02-23,12,5154,17871.25,17304.01,12 PM
2026-02-23,13,5154,17198.69,16783.25,1 PM
2026-02-23,14,5154,17037.17,16560.56,2 PM
2026-02-23,15,5154,17131.71,16619.34,3 PM
2026-02-23,16,5154,17496.18,17135.6,4 PM
2026-02-23,17,5154,18575.97,18248.56,5 PM
2026-02-23,18,5154,20661.9,20281.38,6 PM
2026-02-23,19,5154,22559.6,22181.29,7 PM
2026-02-23,20,5154,24230.75,23827.21,8 PM
2026-02-23,21,5154,25384.81,24967.49,9 PM
2026-02-23,22,5154,24846.37,24465.54,10 PM
2026-02-23,23,5154,22903.21,22591.88,11 PM
2026-02-24,0,5158,18245.86,18069.52,12 AM
2026-02-24,1,5158,19313.93,19109.43,1 AM
2026-02-24,2,5158,19314.97,19121.14,2 AM
2026-02-24,3,5158,18908.75,18694.66,3 AM
2026-02-24,4,5158,18971.06,18731.48,4 AM
2026-02-24,5,5158,20304.75,20022.29,5 AM
2026-02-24,6,5158,22859.53,22495.85,6 AM
2026-02-24,7,5158,24291.82,23871.69,7 AM
2026-02-24,8,5158,24614.05,24081.56,8 AM
2026-02-24,9,5158,22958.03,22428.75,9 AM
2026-02-24,10,5158,21798.66,21356.38,10 AM
2026-02-24,11,5158,19822.5,19411.6,11 AM
2026-02-24,12,5158,17876.36,17515.66,12 PM
2026-02-24,13,5158,17279.88,16922.98,1 PM
2026-02-24,14,5158,16986.71,16652.5,2 PM
2026-02-24,15,5158,17480.76,17165.83,3 PM
2026-02-24,16,5158,17482.91,17200.1,4 PM
2026-02-24,17,5158,18560.58,18292.37,5 PM
2026-02-24,18,5158,20715.28,20456.81,6 PM
2026-02-24,19,5158,22531.73,22161.2,7 PM
2026-02-24,20,5158,24111.33,23734.66,8 PM
2026-02-24,21,5158,25355.99,24895.81,9 PM
2026-02-24,22,5158,24939.34,24367.63,10 PM
2026-02-24,23,5158,22988.37,22527.98,11 PM
2026-02-25,0,5159,17938.71,17602.29,12 AM
2026-02-25,1,5159,19037.02,18707.34,1 AM
2026-02-25,2,5159,19043.88,18718.44,2 AM
2026-02-25,3,5159,18528.85,18220.64,3 AM
2026-02-25,4,5159,18320.65,18007.11,4 AM
2026-02-25,5,5159,19248.78,18939.39,5 AM
2026-02-25,6,5159,21479.77,21119.55,6 AM
2026-02-25,7,5159,22880.67,22353.8,7 AM
2026-02-25,8,5159,23375.77,22912.75,8 AM
2026-02-25,9,5159,21999.26,21549.16,9 AM
2026-02-25,10,5159,20672.62,20253.63,10 AM
2026-02-25,11,5159,19269.95,18881.78,11 AM
2026-02-25,12,5159,17884.1,17508.93,12 PM
2026-02-25,13,5159,17240.59,16902.05,1 PM
2026-02-25,14,5159,17091.65,16745.59,2 PM
2026-02-25,15,5159,17005.56,16684.47,3 PM
2026-02-25,16,5159,17323.58,17073.8,4 PM
2026-02-25,17,5159,18571.04,18330.23,5 PM
2026-02-25,18,5159,20683.63,20407.17,6 PM
2026-02-25,19,5159,22635.78,22312.38,7 PM
2026-02-25,20,5159,24140.97,23813.59,8 PM
2026-02-25,21,5159,25081.02,24694.81,9 PM
2026-02-25,22,5159,24470.05,24040.42,10 PM
2026-02-25,23,5159,22513.64,22134.18,11 PM
2026-02-26,0,5163,18256.04,17926.05,12 AM
2026-02-26,1,5163,19237.16,18985.7,1 AM
2026-02-26,2,5163,19327.13,19115.14,2 AM
2026-02-26,3,5163,18942.4,18685.62,3 AM
2026-02-26,4,5163,18869.89,18615.79,4 AM
2026-02-26,5,5163,20141.56,19826.72,5 AM
2026-02-26,6,5163,22962.02,22577.86,6 AM
2026-02-26,7,5163,24250.33,23822.28,7 AM
2026-02-26,8,5163,24554.54,24227.29,8 AM
2026-02-26,9,5163,23048.32,22657.11,9 AM
2026-02-26,10,5163,21521.05,20994.66,10 AM
2026-02-26,11,5163,19757.48,19293.88,11 AM
2026-02-26,12,5163,17844.68,17492.92,12 PM
2026-02-26,13,5163,17189.6,16863.52,1 PM
2026-02-26,14,5163,16847.15,16499.62,2 PM
2026-02-26,15,5163,17286.68,16887.65,3 PM
2026-02-26,16,5163,17496.72,17118.33,4 PM
2026-02-26,17,5163,18678.03,18295.81,5 PM
2026-02-26,18,5163,20580.78,20230.09,6 PM
2026-02-26,19,5163,22619.24,22279.05,7 PM
2026-02-26,20,5163,24096.79,23704.87,8 PM
2026-02-26,21,5163,25218.18,24875.09,9 PM
2026-02-26,22,5163,24774.67,24385.01,10 PM
2026-02-26,23,5163,22893.93,22546.29,11 PM
2026-02-27,0,5166,17683.11,17395.96,12 AM
2026-02-27,1,5166,18659.71,18279.17,1 AM
2026-02-27,2,5166,18664.34,18341.0,2 AM
2026-02-27,3,5166,18094.95,17804.69,3 AM
2026-02-27,4,5166,17851.56,17500.3,4 AM
2026-02-27,5,5166,18676.34,18285.22,5 AM
2026-02-27,6,5166,20689.84,20224.37,6 AM
2026-02-27,7,5166,21974.94,21428.61,7 AM
2026-02-27,8,5166,22152.75,21583.79,8 AM
2026-02-27,9,5166,20833.92,20213.61,9 AM
2026-02-27,10,5166,19814.67,19426.67,10 AM
2026-02-27,11,5166,18447.05,18170.22,11 AM
2026-02-27,12,5166,17541.4,16945.6,12 PM
2026-02-27,13,5166,17111.08,16522.47,1 PM
2026-02-27,14,5166,17014.01,16497.2,2 PM
2026-02-27,15,5166,17566.21,17037.65,3 PM
2026-02-27,16,5166,17418.2,16947.66,4 PM
2026-02-27,17,5166,18525.07,18145.22,5 PM
2026-02-27,18,5166,20629.7,20281.48,6 PM
2026-02-27,19,5166,22512.03,22195.56,7 PM
2026-02-27,20,5166,24083.29,23688.15,8 PM
2026-02-27,21,5166,24703.56,24302.21,9 PM
2026-02-27,22,5166,23950.61,23571.81,10 PM
2026-02-27,23,5166,21972.3,21756.06,11 PM
2026-02-28,0,5169,17527.07,17204.44,12 AM
2026-02-28,1,5169,19386.49,19034.24,1 AM
2026-02-28,2,5169,20471.16,20054.04,2 AM
2026-02-28,3,5169,20522.5,20100.49,3 AM
2026-02-28,4,5169,19965.83,19581.57,4 AM
2026-02-28,5,5169,19645.61,19246.22,5 AM
2026-02-28,6,5169,20452.08,20045.91,6 AM
2026-02-28,7,5169,20991.0,20588.87,7 AM
2026-02-28,8,5169,21330.83,20831.6,8 AM
2026-02-28,9,5169,20044.94,19503.58,9 AM
2026-02-28,10,5169,19153.64,18890.04,10 AM
2026-02-28,11,5169,17684.67,17444.57,11 AM
2026-02-28,12,5169,17373.99,17138.65,12 PM
2026-02-28,13,5169,16828.05,16628.16,1 PM
2026-02-28,14,5169,16529.48,16334.77,2 PM
2026-02-28,15,5169,17229.61,17019.9,3 PM
2026-02-28,16,5169,16926.18,16693.53,4 PM
2026-02-28,17,5169,17353.94,17139.2,5 PM
2026-02-28,18,5169,19140.24,18919.65,6 PM
2026-02-28,19,5169,21188.19,20945.93,7 PM
2026-02-28,20,5169,23507.37,23230.47,8 PM
2026-02-28,21,5169,25215.91,24878.57,9 PM
2026-02-28,22,5169,26059.01,25686.42,10 PM
2026-02-28,23,5169,25845.88,25445.43,11 PM
2026-03-01,0,5175,17236.08,16987.15,12 AM
2026-03-01,1,5175,19456.65,19155.31,1 AM
2026-03-01,2,5175,20980.67,20652.86,2 AM
2026-03-01,3,5175,21484.55,21226.43,3 AM
2026-03-01,4,5175,21118.92,20887.41,4 AM
2026-03-01,5,5175,20566.73,20298.04,5 AM
2026-03-01,6,5175,20563.94,20326.61,6 AM
2026-03-01,7,5175,20073.92,19862.25,7 AM
2026-03-01,8,5175,19741.44,19534.83,8 AM
2026-03-01,9,5175,18399.65,18193.14,9 AM
2026-03-01,10,5175,16858.47,17121.33,10 AM
2026-03-01,11,5175,15893.47,16150.0,11 AM
2026-03-01,12,5175,15455.11,15278.49,12 PM
2026-03-01,13,5175,14956.19,14720.25,1 PM
2026-03-01,14,5175,15467.0,15217.24,2 PM
2026-03-01,15,5175,16290.58,16022.31,3 PM
2026-03-01,16,5175,15827.83,15572.12,4 PM
2026-03-01,17,5175,16169.06,15921.9,5 PM
2026-03-01,18,5175,17551.9,17317.44,6 PM
2026-03-01,19,5175,19464.26,19172.31,7 PM
2026-03-01,20,5175,21969.8,21746.06,8 PM
2026-03-01,21,5175,24170.89,23934.94,9 PM
2026-03-01,22,5175,25724.68,25328.89,10 PM
2026-03-01,23,5175,26312.91,25897.18,11 PM
2026-03-02,0,5179,17096.9,16735.4,12 AM
2026-03-02,1,5179,17960.91,17582.45,1 AM
2026-03-02,2,5179,18064.27,17649.1,2 AM
2026-03-02,3,5179,17606.48,17252.82,3 AM
2026-03-02,4,5179,17406.49,17055.29,4 AM
2026-03-02,5,5179,18159.78,17819.43,5 AM
2026-03-02,6,5179,20238.15,19840.2,6 AM
2026-03-02,7,5179,21418.68,21029.77,7 AM
2026-03-02,8,5179,21851.31,21463.96,8 AM
2026-03-02,9,5179,20620.33,20227.63,9 AM
2026-03-02,10,5179,19239.23,18883.62,10 AM
2026-03-02,11,5179,17906.1,17605.2,11 AM
2026-03-02,12,5179,17117.68,16776.79,12 PM
2026-03-02,13,5179,16521.65,16267.05,1 PM
2026-03-02,14,5179,16223.71,15896.65,2 PM
2026-03-02,15,5179,16670.63,16294.39,3 PM
2026-03-02,16,5179,16825.6,16443.77,4 PM
2026-03-02,17,5179,17842.78,17445.29,5 PM
2026-03-02,18,5179,19812.49,19445.6,6 PM
2026-03-02,19,5179,21593.02,21215.08,7 PM
2026-03-02,20,5179,23112.19,22721.94,8 PM
2026-03-02,21,5179,23578.16,23217.55,9 PM
2026-03-02,22,5179,23024.15,22671.13,10 PM
2026-03-02,23,5179,21284.1,20932.18,11 PM
2026-03-03,0,5180,16662.77,16340.5,12 AM
2026-03-03,1,5180,17373.48,16960.29,1 AM
2026-03-03,2,5180,17422.99,17111.94,2 AM
2026-03-03,3,5180,16850.58,16545.14,3 AM
2026-03-03,4,5180,16566.12,16246.41,4 AM
2026-03-03,5,5180,17210.68,16863.95,5 AM
2026-03-03,6,5180,19073.15,18766.07,6 AM
2026-03-03,7,5180,19848.47,19598.06,7 AM
2026-03-03,8,5180,19863.12,19605.6,8 AM
2026-03-03,9,5180,18497.8,18217.54,9 AM
2026-03-03,10,5180,17983.68,17733.19,10 AM
2026-03-03,11,5180,17623.0,17386.42,11 AM
2026-03-03,12,5180,16956.36,16698.18,12 PM
2026-03-03,13,5180,17187.07,16933.97,1 PM
2026-03-03,14,5180,18007.92,17739.66,2 PM
2026-03-03,15,5180,19039.12,18779.76,3 PM
2026-03-03,16,5180,18794.76,18511.65,4 PM
2026-03-03,17,5180,19209.45,18993.12,5 PM
2026-03-03,18,5180,20593.94,20363.08,6 PM
2026-03-03,19,5180,21821.32,21628.62,7 PM
2026-03-03,20,5180,23064.31,22895.74,8 PM
2026-03-03,21,5180,23571.08,23393.15,9 PM
2026-03-03,22,5180,22835.4,22645.33,10 PM
2026-03-03,23,5180,20703.87,20540.07,11 PM
2026-03-04,0,5184,16655.81,16515.16,12 AM
2026-03-04,1,5184,17495.41,17394.74,1 AM
2026-03-04,2,5184,17561.75,17321.54,2 AM
2026-03-04,3,5184,16920.74,16690.5,3 AM
2026-03-04,4,5184,16566.18,16359.54,4 AM
2026-03-04,5,5184,17227.73,16989.54,5 AM
2026-03-04,6,5184,18948.51,18690.31,6 AM
2026-03-04,7,5184,19846.79,19594.03,7 AM
2026-03-04,8,5184,20051.37,19811.69,8 AM
2026-03-04,9,5184,18807.45,18578.46,9 AM
2026-03-04,10,5184,18030.8,17748.28,10 AM
2026-03-04,11,5184,17644.13,17341.86,11 AM
2026-03-04,12,5184,17007.68,16759.25,12 PM
2026-03-04,13,5184,16520.1,16275.53,1 PM
2026-03-04,14,5184,17047.7,16805.14,2 PM
2026-03-04,15,5184,17974.44,17784.53,3 PM
2026-03-04,16,5184,17791.82,17607.56,4 PM
2026-03-04,17,5184,18329.54,18104.43,5 PM
2026-03-04,18,5184,19759.34,19518.03,6 PM
2026-03-04,19,5184,21561.55,21260.69,7 PM
2026-03-04,20,5184,23136.73,22805.62,8 PM
2026-03-04,21,5184,23688.36,23413.85,9 PM
2026-03-04,22,5184,22708.58,22460.96,10 PM
2026-03-04,23,5184,20685.76,20482.37,11 PM
2026-03-05,0,5186,16711.46,16530.65,12 AM
2026-03-05,1,5186,17703.68,17526.67,1 AM
2026-03-05,2,5186,17677.97,17531.68,2 AM
2026-03-05,3,5186,17265.29,17065.92,3 AM
2026-03-05,4,5186,17015.87,16766.48,4 AM
2026-03-05,5,5186,17730.56,17474.83,5 AM
2026-03-05,6,5186,19887.44,19503.92,6 AM
2026-03-05,7,5186,20578.92,20131.01,7 AM
2026-03-05,8,5186,20817.85,20295.82,8 AM
2026-03-05,9,5186,19354.8,18738.84,9 AM
2026-03-05,10,5186,18346.62,17844.24,10 AM
2026-03-05,11,5186,17929.63,17254.4,11 AM
2026-03-05,12,5186,17190.24,16523.45,12 PM
2026-03-05,13,5186,17138.98,16433.9,1 PM
2026-03-05,14,5186,18074.17,17395.43,2 PM
2026-03-05,15,5186,18952.13,18283.49,3 PM
2026-03-05,16,5186,18839.59,18278.72,4 PM
2026-03-05,17,5186,19025.78,18543.63,5 PM
2026-03-05,18,5186,20445.55,20023.94,6 PM
2026-03-05,19,5186,21686.22,21303.48,7 PM
2026-03-05,20,5186,23112.33,22680.97,8 PM
2026-03-05,21,5186,23568.98,23129.17,9 PM
2026-03-05,22,5186,22847.05,22485.85,10 PM
2026-03-05,23,5186,20747.58,20436.7,11 PM
2026-03-06,0,5189,16938.2,16672.6,12 AM
2026-03-06,1,5189,17825.57,17470.35,1 AM
2026-03-06,2,5189,17746.57,17285.3,2 AM
2026-03-06,3,5189,17168.24,16738.74,3 AM
2026-03-06,4,5189,16840.92,16401.0,4 AM
2026-03-06,5,5189,17333.24,16888.66,5 AM
2026-03-06,6,5189,18996.41,18453.96,6 AM
2026-03-06,7,5189,20098.2,19603.22,7 AM
2026-03-06,8,5189,20744.68,20243.86,8 AM
2026-03-06,9,5189,19810.96,19312.6,9 AM
2026-03-06,10,5189,19044.57,18595.73,10 AM
2026-03-06,11,5189,17940.99,17461.66,11 AM
2026-03-06,12,5189,17280.55,16797.35,12 PM
2026-03-06,13,5189,16894.14,16469.86,1 PM
2026-03-06,14,5189,16547.3,16143.48,2 PM
2026-03-06,15,5189,16574.21,16146.84,3 PM
2026-03-06,16,5189,16963.71,16584.94,4 PM
2026-03-06,17,5189,17944.38,17605.7,5 PM
2026-03-06,18,5189,19967.04,19674.64,6 PM
2026-03-06,19,5189,21718.6,21471.24,7 PM
2026-03-06,20,5189,23166.48,22936.73,8 PM
2026-03-06,21,5189,23678.51,23470.38,9 PM
2026-03-06,22,5189,23085.11,22899.56,10 PM
2026-03-06,23,5189,21170.58,20956.06,11 PM
2026-03-07,0,5191,16944.43,16764.03,12 AM
2026-03-07,1,5191,18696.7,18524.84,1 AM
2026-03-07,2,5191,19699.86,19425.61,2 AM
2026-03-07,3,5191,19609.04,19329.77,3 AM
2026-03-07,4,5191,18984.49,18683.73,4 AM
2026-03-07,5,5191,18548.54,18145.52,5 AM
2026-03-07,6,5191,19083.01,18590.08,6 AM
2026-03-07,7,5191,19670.63,19092.29,7 AM
2026-03-07,8,5191,20181.93,19542.77,8 AM
2026-03-07,9,5191,19655.91,19016.73,9 AM
2026-03-07,10,5191,18743.22,18132.55,10 AM
2026-03-07,11,5191,17837.06,17231.74,11 AM
2026-03-07,12,5191,16779.33,16112.8,12 PM
2026-03-07,13,5191,16385.94,15745.94,1 PM
2026-03-07,14,5191,16058.89,15509.26,2 PM
2026-03-07,15,5191,15966.05,15437.33,3 PM
2026-03-07,16,5191,16042.69,15425.95,4 PM
2026-03-07,17,5191,16755.68,16140.97,5 PM
2026-03-07,18,5191,18652.89,18044.71,6 PM
2026-03-07,19,5191,20452.75,19841.59,7 PM
2026-03-07,20,5191,22670.5,22070.47,8 PM
2026-03-07,21,5191,24498.72,23849.66,9 PM
2026-03-07,22,5191,25639.79,24974.13,10 PM
2026-03-07,23,5191,25090.82,24490.4,11 PM
2026-03-08,0,5195,16852.71,16329.69,12 AM
2026-03-08,1,5195,18857.24,18318.87,1 AM
2026-03-08,2,5195,20306.44,19654.54,2 AM
2026-03-08,3,5195,20732.22,20081.21,3 AM
2026-03-08,4,5195,20236.79,19600.01,4 AM
2026-03-08,5,5195,19387.55,18784.19,5 AM
2026-03-08,6,5195,18949.7,18313.65,6 AM
2026-03-08,7,5195,18433.78,17865.73,7 AM
2026-03-08,8,5195,18332.27,17758.83,8 AM
2026-03-08,9,5195,17280.31,16718.34,9 AM
2026-03-08,10,5195,16680.94,16097.48,10 AM
2026-03-08,11,5195,16129.51,15550.14,11 AM
2026-03-08,12,5195,15762.45,14986.38,12 PM
2026-03-08,13,5195,15322.2,14608.86,1 PM
2026-03-08,14,5195,14910.22,14232.51,2 PM
2026-03-08,15,5195,15252.94,14539.57,3 PM
2026-03-08,16,5195,15122.17,14608.99,4 PM
2026-03-08,17,5195,15995.52,15444.04,5 PM
2026-03-08,18,5195,17655.85,17051.96,6 PM
2026-03-08,19,5195,19771.59,19073.29,7 PM
2026-03-08,20,5195,22225.44,21516.97,8 PM
2026-03-08,21,5195,24554.63,23841.44,9 PM
2026-03-08,22,5195,26078.14,25313.67,10 PM
2026-03-08,23,5195,26149.51,25460.93,11 PM
2026-03-09,0,5197,16823.18,16404.77,12 AM
2026-03-09,1,5197,17743.01,17599.92,1 AM
2026-03-09,2,5197,17625.09,17474.72,2 AM
2026-03-09,3,5197,17061.24,16971.25,3 AM
2026-03-09,4,5197,16484.68,15992.53,4 AM
2026-03-09,5,5197,17062.36,16486.64,5 AM
2026-03-09,6,5197,18572.88,17889.61,6 AM
2026-03-09,7,5197,19450.07,18579.22,7 AM
2026-03-09,8,5197,20157.57,19051.64,8 AM
2026-03-09,9,5197,19179.03,18398.18,9 AM
2026-03-09,10,5197,18438.56,17688.76,10 AM
2026-03-09,11,5197,18019.8,17343.36,11 AM
2026-03-09,12,5197,17255.67,16590.95,12 PM
2026-03-09,13,5197,16798.46,16015.11,1 PM
2026-03-09,14,5197,16575.0,15863.84,2 PM
2026-03-09,15,5197,17062.42,16473.96,3 PM
2026-03-09,16,5197,17018.25,16520.72,4 PM
2026-03-09,17,5197,17958.59,17435.67,5 PM
2026-03-09,18,5197,19976.75,19480.68,6 PM
2026-03-09,19,5197,21746.7,21275.26,7 PM
2026-03-09,20,5197,23307.8,22821.08,8 PM
2026-03-09,21,5197,23797.95,23326.24,9 PM
2026-03-09,22,5197,23033.94,22563.58,10 PM
2026-03-09,23,5197,20925.21,20469.72,11 PM
2026-03-10,0,5201,16767.96,16394.52,12 AM
2026-03-10,1,5201,17653.18,17264.33,1 AM
2026-03-10,2,5201,17745.34,17318.9,2 AM
2026-03-10,3,5201,17090.52,16653.74,3 AM
2026-03-10,4,5201,16749.15,16211.0,4 AM
2026-03-10,5,5201,17512.16,16952.97,5 AM
2026-03-10,6,5201,19261.78,18612.02,6 AM
2026-03-10,7,5201,20269.2,19583.19,7 AM
2026-03-10,8,5201,20565.39,19944.96,8 AM
2026-03-10,9,5201,19264.79,18653.19,9 AM
2026-03-10,10,5201,18267.99,17727.56,10 AM
2026-03-10,11,5201,17883.6,17328.09,11 AM
2026-03-10,12,5201,17540.02,17005.54,12 PM
2026-03-10,13,5201,16787.46,16290.4,1 PM
2026-03-10,14,5201,17043.41,16515.72,2 PM
2026-03-10,15,5201,17746.86,17226.64,3 PM
2026-03-10,16,5201,17530.38,17014.53,4 PM
2026-03-10,17,5201,18241.48,17793.13,5 PM
2026-03-10,18,5201,19981.78,19547.28,6 PM
2026-03-10,19,5201,21734.91,21368.48,7 PM
2026-03-10,20,5201,23229.52,22842.78,8 PM
2026-03-10,21,5201,23854.47,23465.42,9 PM
2026-03-10,22,5201,23012.13,22627.57,10 PM
2026-03-10,23,5201,20905.54,20501.62,11 PM
2026-03-11,0,5205,17104.77,16842.63,12 AM
2026-03-11,1,5205,18036.23,17749.45,1 AM
2026-03-11,2,5205,18078.64,17778.13,2 AM
2026-03-11,3,5205,17697.78,17402.18,3 AM
2026-03-11,4,5205,17589.72,17336.06,4 AM
2026-03-11,5,5205,18546.86,18319.39,5 AM
2026-03-11,6,5205,20968.57,20688.85,6 AM
2026-03-11,7,5205,21978.35,21656.52,7 AM
2026-03-11,8,5205,21989.02,21649.53,8 AM
2026-03-11,9,5205,20462.56,20070.4,9 AM
2026-03-11,10,5205,19026.64,18596.49,10 AM
2026-03-11,11,5205,17810.87,17413.53,11 AM
2026-03-11,12,5205,17320.52,16935.13,12 PM
2026-03-11,13,5205,16799.77,16418.18,1 PM
2026-03-11,14,5205,17472.78,17076.18,2 PM
2026-03-11,15,5205,18619.01,18163.36,3 PM
2026-03-11,16,5205,18335.9,17873.11,4 PM
2026-03-11,17,5205,18607.02,18176.37,5 PM
2026-03-11,18,5205,19923.8,19505.28,6 PM
2026-03-11,19,5205,21924.1,21496.1,7 PM
2026-03-11,20,5205,23412.18,22972.27,8 PM
2026-03-11,21,5205,23823.97,23340.36,9 PM
2026-03-11,22,5205,22918.56,22459.38,10 PM
2026-03-11,23,5205,21179.96,20746.18,11 PM
2026-03-12,0,5209,17324.28,16938.65,12 AM
2026-03-12,1,5209,18215.41,17779.65,1 AM
2026-03-12,2,5209,18236.38,17790.49,2 AM
2026-03-12,3,5209,17768.91,17315.09,3 AM
2026-03-12,4,5209,17500.57,16921.34,4 AM
2026-03-12,5,5209,18539.4,17889.48,5 AM
2026-03-12,6,5209,20686.68,20103.88,6 AM
2026-03-12,7,5209,21799.53,21269.24,7 AM
2026-03-12,8,5209,22382.93,21815.81,8 AM
2026-03-12,9,5209,20973.33,20470.95,9 AM
2026-03-12,10,5209,19828.81,19362.84,10 AM
2026-03-12,11,5209,18326.14,17873.39,11 AM
2026-03-12,12,5209,17191.4,16796.41,12 PM
2026-03-12,13,5209,17042.89,16555.37,1 PM
2026-03-12,14,5209,16642.24,16164.76,2 PM
2026-03-12,15,5209,16951.76,16467.88,3 PM
2026-03-12,16,5209,17049.04,16662.25,4 PM
2026-03-12,17,5209,18030.57,17666.01,5 PM
2026-03-12,18,5209,19984.46,19643.04,6 PM
2026-03-12,19,5209,21804.4,21573.58,7 PM
2026-03-12,20,5209,23325.36,23058.94,8 PM
2026-03-12,21,5209,23897.6,23642.92,9 PM
2026-03-12,22,5209,23373.71,22969.73,10 PM
2026-03-12,23,5209,21566.5,21357.65,11 PM
2026-03-13,0,5213,16943.22,16735.86,12 AM
2026-03-13,1,5213,17924.83,17570.09,1 AM
2026-03-13,2,5213,17810.34,17579.48,2 AM
2026-03-13,3,5213,17198.16,17018.82,3 AM
2026-03-13,4,5213,16803.94,16413.99,4 AM
2026-03-13,5,5213,17375.53,16978.36,5 AM
2026-03-13,6,5213,18913.24,18208.34,6 AM
2026-03-13,7,5213,20071.8,19304.6,7 AM
2026-03-13,8,5213,20554.74,19461.43,8 AM
2026-03-13,9,5213,19429.77,18406.78,9 AM
2026-03-13,10,5213,18461.47,17528.61,10 AM
2026-03-13,11,5213,17983.01,17012.23,11 AM
2026-03-13,12,5213,17648.61,16707.24,12 PM
2026-03-13,13,5213,16869.55,15979.83,1 PM
2026-03-13,14,5213,16549.59,15705.42,2 PM
2026-03-13,15,5213,17124.87,16274.08,3 PM
2026-03-13,16,5213,17256.58,16517.13,4 PM
2026-03-13,17,5213,18079.93,17442.91,5 PM
2026-03-13,18,5213,19990.48,19391.2,6 PM
2026-03-13,19,5213,21834.17,21288.33,7 PM
2026-03-13,20,5213,23347.68,22899.11,8 PM
2026-03-13,21,5213,23813.07,23384.71,9 PM
2026-03-13,22,5213,23164.84,22808.84,10 PM
2026-03-13,23,5213,20967.6,20681.59,11 PM
2026-03-14,0,5216,16942.1,16815.54,12 AM
2026-03-14,1,5216,18828.9,18662.24,1 AM
2026-03-14,2,5216,19741.37,19577.16,2 AM
2026-03-14,3,5216,19793.91,19559.52,3 AM
2026-03-14,4,5216,19368.83,19109.42,4 AM
2026-03-14,5,5216,19021.96,18815.02,5 AM
2026-03-14,6,5216,19824.47,19624.75,6 AM
2026-03-14,7,5216,20259.68,20024.86,7 AM
2026-03-14,8,5216,20478.22,20205.0,8 AM
2026-03-14,9,5216,19565.0,19359.16,9 AM
2026-03-14,10,5216,18328.47,18229.85,10 AM
2026-03-14,11,5216,17551.88,17458.23,11 AM
2026-03-14,12,5216,16868.6,16764.97,12 PM
2026-03-14,13,5216,16482.93,16400.09,1 PM
2026-03-14,14,5216,16785.41,16671.75,2 PM
2026-03-14,15,5216,17621.73,17497.94,3 PM
2026-03-14,16,5216,17121.59,17034.65,4 PM
2026-03-14,17,5216,17335.82,17239.82,5 PM
2026-03-14,18,5216,18781.32,18669.5,6 PM
2026-03-14,19,5216,20509.28,20355.32,7 PM
2026-03-14,20,5216,22778.93,22625.91,8 PM
2026-03-14,21,5216,24472.97,24307.87,9 PM
2026-03-14,22,5216,25019.05,24808.16,10 PM
2026-03-14,23,5216,24621.16,24401.79,11 PM
2026-03-15,0,5219,17661.52,17415.86,12 AM
2026-03-15,1,5219,19891.65,19773.5,1 AM
2026-03-15,2,5219,21387.04,21239.81,2 AM
2026-03-15,3,5219,21867.23,21637.3,3 AM
2026-03-15,4,5219,21472.13,21263.49,4 AM
2026-03-15,5,5219,20779.52,20492.2,5 AM
2026-03-15,6,5219,20702.8,20416.18,6 AM
2026-03-15,7,5219,20317.55,20021.89,7 AM
2026-03-15,8,5219,20012.57,19690.95,8 AM
2026-03-15,9,5219,19155.89,18852.57,9 AM
2026-03-15,10,5219,17823.68,17531.55,10 AM
2026-03-15,11,5219,16561.36,16328.53,11 AM
2026-03-15,12,5219,16021.12,15739.6,12 PM
2026-03-15,13,5219,15451.01,15196.64,1 PM
2026-03-15,14,5219,15371.02,15196.41,2 PM
2026-03-15,15,5219,15518.71,15413.48,3 PM
2026-03-15,16,5219,15311.54,15181.9,4 PM
2026-03-15,17,5219,16029.05,15869.34,5 PM
2026-03-15,18,5219,17977.6,17708.37,6 PM
2026-03-15,19,5219,20075.14,19819.58,7 PM
2026-03-15,20,5219,22382.55,22007.75,8 PM
2026-03-15,21,5219,24738.16,24420.47,9 PM
2026-03-15,22,5219,26514.65,26229.84,10 PM
2026-03-15,23,5219,27134.18,26720.46,11 PM
2026-03-16,0,5221,17788.71,17534.95,12 AM
2026-03-16,1,5221,19918.03,19644.1,1 AM
2026-03-16,2,5221,21209.85,20985.47,2 AM
2026-03-16,3,5221,21630.35,21403.43,3 AM
2026-03-16,4,5221,21320.54,21135.23,4 AM
2026-03-16,5,5221,20448.27,20286.75,5 AM
2026-03-16,6,5221,20104.54,19930.03,6 AM
2026-03-16,7,5221,19962.31,19852.73,7 AM
2026-03-16,8,5221,20057.33,19915.31,8 AM
2026-03-16,9,5221,19207.55,18997.73,9 AM
2026-03-16,10,5221,18285.0,17962.33,10 AM
2026-03-16,11,5221,17154.5,17085.59,11 AM
2026-03-16,12,5221,15880.55,15812.02,12 PM
2026-03-16,13,5221,15496.54,15428.99,1 PM
2026-03-16,14,5221,15159.98,15081.62,2 PM
2026-03-16,15,5221,15143.79,15071.03,3 PM
2026-03-16,16,5221,15422.98,15347.86,4 PM
2026-03-16,17,5221,16151.81,16071.34,5 PM
2026-03-16,18,5221,17908.41,17772.19,6 PM
2026-03-16,19,5221,19928.23,19689.15,7 PM
2026-03-16,20,5221,22557.75,22336.32,8 PM
2026-03-16,21,5221,25167.87,24891.03,9 PM
2026-03-16,22,5221,27024.72,26760.69,10 PM
2026-03-16,23,5221,27407.15,27124.88,11 PM
2026-03-17,0,5224,17452.77,17316.99,12 AM
2026-03-17,1,5224,18391.61,18326.31,1 AM
2026-03-17,2,5224,18311.71,18242.98,2 AM
2026-03-17,3,5224,17932.35,17855.17,3 AM
2026-03-17,4,5224,17746.43,17640.5,4 AM
2026-03-17,5,5224,18612.78,18525.66,5 AM
2026-03-17,6,5224,20808.56,20697.56,6 AM
2026-03-17,7,5224,22157.95,22041.12,7 AM
2026-03-17,8,5224,22564.32,22470.41,8 AM
2026-03-17,9,5224,21642.06,21469.34,9 AM
2026-03-17,10,5224,20392.33,20239.77,10 AM
2026-03-17,11,5224,19109.9,18886.78,11 AM
2026-03-17,12,5224,17820.9,17619.82,12 PM
2026-03-17,13,5224,17046.76,16822.64,1 PM
2026-03-17,14,5224,16984.95,16757.41,2 PM
2026-03-17,15,5224,16708.29,16575.32,3 PM
2026-03-17,16,5224,17271.63,17113.84,4 PM
2026-03-17,17,5224,18180.65,17991.85,5 PM
2026-03-17,18,5224,20158.51,19934.1,6 PM
2026-03-17,19,5224,21956.92,21660.67,7 PM
2026-03-17,20,5224,23431.56,23105.78,8 PM
2026-03-17,21,5224,24217.18,23810.52,9 PM
2026-03-17,22,5224,23781.7,23415.58,10 PM
2026-03-17,23,5224,21914.82,21610.11,11 PM
2026-03-18,0,5227,16988.36,16762.14,12 AM
2026-03-18,1,5227,17819.12,17673.85,1 AM
2026-03-18,2,5227,17728.38,17610.46,2 AM
2026-03-18,3,5227,17140.42,17042.6,3 AM
2026-03-18,4,5227,16920.28,16823.72,4 AM
2026-03-18,5,5227,17404.09,17295.64,5 AM
2026-03-18,6,5227,19189.52,19003.25,6 AM
2026-03-18,7,5227,20042.91,19863.28,7 AM
2026-03-18,8,5227,20250.86,19976.54,8 AM
2026-03-18,9,5227,19295.14,19025.06,9 AM
2026-03-18,10,5227,18473.0,18215.39,10 AM
2026-03-18,11,5227,18276.83,17638.55,11 AM
2026-03-18,12,5227,17634.26,16933.99,12 PM
2026-03-18,13,5227,17069.75,16397.72,1 PM
2026-03-18,14,5227,17381.17,16681.5,2 PM
2026-03-18,15,5227,18395.82,17693.39,3 PM
2026-03-18,16,5227,18314.64,17739.69,4 PM
2026-03-18,17,5227,18949.02,18289.41,5 PM
2026-03-18,18,5227,20170.75,19544.06,6 PM
2026-03-18,19,5227,22046.48,21532.99,7 PM
2026-03-18,20,5227,23479.31,22943.11,8 PM
2026-03-18,21,5227,24055.87,23596.38,9 PM
2026-03-18,22,5227,23217.09,22772.24,10 PM
2026-03-18,23,5227,21027.73,20560.76,11 PM
2026-03-19,0,5230,17029.67,16659.77,12 AM
2026-03-19,1,5230,17994.79,17606.63,1 AM
2026-03-19,2,5230,17985.83,17592.52,2 AM
2026-03-19,3,5230,17446.93,17073.41,3 AM
2026-03-19,4,5230,17128.49,16725.86,4 AM
2026-03-19,5,5230,17883.06,17461.78,5 AM
2026-03-19,6,5230,19971.54,19408.07,6 AM
2026-03-19,7,5230,21008.87,20437.95,7 AM
2026-03-19,8,5230,21232.71,20671.86,8 AM
2026-03-19,9,5230,19817.68,19349.18,9 AM
2026-03-19,10,5230,18884.72,18566.51,10 AM
2026-03-19,11,5230,18759.5,18434.23,11 AM
2026-03-19,12,5230,17896.32,17604.34,12 PM
2026-03-19,13,5230,17880.22,17514.78,1 PM
2026-03-19,14,5230,18235.29,17908.31,2 PM
2026-03-19,15,5230,19276.47,18910.88,3 PM
2026-03-19,16,5230,19206.33,18857.59,4 PM
2026-03-19,17,5230,19499.2,19211.52,5 PM
2026-03-19,18,5230,20841.87,20542.21,6 PM
2026-03-19,19,5230,22036.33,21711.3,7 PM
2026-03-19,20,5230,23568.38,23211.73,8 PM
2026-03-19,21,5230,24094.07,23682.74,9 PM
2026-03-19,22,5230,23311.97,22933.54,10 PM
2026-03-19,23,5230,21159.82,20906.38,11 PM
2026-03-20,0,5232,17008.52,16817.46,12 AM
2026-03-20,1,5232,17810.56,17560.46,1 AM
2026-03-20,2,5232,17655.08,17469.16,2 AM
2026-03-20,3,5232,17014.44,16848.89,3 AM
2026-03-20,4,5232,16754.94,16618.41,4 AM
2026-03-20,5,5232,17135.28,16974.91,5 AM
2026-03-20,6,5232,18867.61,18697.75,6 AM
2026-03-20,7,5232,19766.21,19652.74,7 AM
2026-03-20,8,5232,20166.86,20050.39,8 AM
2026-03-20,9,5232,18984.69,18897.22,9 AM
2026-03-20,10,5232,19078.79,18993.41,10 AM
2026-03-20,11,5232,18561.44,18487.06,11 AM
2026-03-20,12,5232,17921.67,17869.49,12 PM
2026-03-20,13,5232,17511.6,17449.48,1 PM
2026-03-20,14,5232,18067.06,18000.35,2 PM
2026-03-20,15,5232,18793.14,18642.82,3 PM
2026-03-20,16,5232,18738.44,18371.17,4 PM
2026-03-20,17,5232,19121.56,18696.02,5 PM
2026-03-20,18,5232,20570.24,20151.58,6 PM
2026-03-20,19,5232,21979.2,21477.22,7 PM
2026-03-20,20,5232,23545.13,22925.59,8 PM
2026-03-20,21,5232,24022.26,23514.15,9 PM
2026-03-20,22,5232,23235.61,22790.0,10 PM
2026-03-20,23,5232,21154.66,20708.61,11 PM
2026-03-21,0,5233,17518.08,17048.25,12 AM
2026-03-21,1,5233,19255.68,18875.49,1 AM
2026-03-21,2,5233,20179.5,19699.52,2 AM
2026-03-21,3,5233,20086.76,19614.69,3 AM
2026-03-21,4,5233,19609.22,19059.62,4 AM
2026-03-21,5,5233,19174.63,18705.24,5 AM
2026-03-21,6,5233,19781.43,19275.25,6 AM
2026-03-21,7,5233,20420.93,19885.66,7 AM
2026-03-21,8,5233,21200.78,20487.88,8 AM
2026-03-21,9,5233,20602.88,19900.93,9 AM
2026-03-21,10,5233,19852.47,19120.08,10 AM
2026-03-21,11,5233,18948.98,18294.21,11 AM
2026-03-21,12,5233,17742.89,17124.38,12 PM
2026-03-21,13,5233,16946.84,16369.4,1 PM
2026-03-21,14,5233,16443.02,16063.87,2 PM
2026-03-21,15,5233,16398.24,16019.4,3 PM
2026-03-21,16,5233,16574.3,16285.63,4 PM
2026-03-21,17,5233,17303.92,17001.53,5 PM
2026-03-21,18,5233,18968.98,18564.07,6 PM
2026-03-21,19,5233,20913.81,20496.96,7 PM
2026-03-21,20,5233,23137.42,22686.4,8 PM
2026-03-21,21,5233,25380.53,25018.9,9 PM
2026-03-21,22,5233,26384.92,26022.74,10 PM
2026-03-21,23,5233,25813.17,25480.15,11 PM
2026-03-22,0,5236,17170.72,16932.99,12 AM
2026-03-22,1,5236,19156.36,18910.39,1 AM
2026-03-22,2,5236,20131.33,19834.56,2 AM
2026-03-22,3,5236,20603.58,20388.5,3 AM
2026-03-22,4,5236,20241.24,20024.19,4 AM
2026-03-22,5,5236,19530.03,19307.77,5 AM
2026-03-22,6,5236,19149.39,18973.05,6 AM
2026-03-22,7,5236,18316.66,18120.47,7 AM
2026-03-22,8,5236,17883.08,17679.2,8 AM
2026-03-22,9,5236,17393.88,17202.23,9 AM
2026-03-22,10,5236,17311.84,17110.55,10 AM
2026-03-22,11,5236,16803.89,16541.56,11 AM
2026-03-22,12,5236,16693.29,16446.55,12 PM
2026-03-22,13,5236,17029.86,16710.46,1 PM
2026-03-22,14,5236,17506.7,17194.77,2 PM
2026-03-22,15,5236,18327.52,18014.06,3 PM
2026-03-22,16,5236,18059.76,17761.03,4 PM
2026-03-22,17,5236,18209.49,17890.08,5 PM
2026-03-22,18,5236,19694.33,19336.17,6 PM
2026-03-22,19,5236,21186.5,20799.36,7 PM
2026-03-22,20,5236,23021.09,22597.43,8 PM
2026-03-22,21,5236,24965.91,24542.34,9 PM
2026-03-22,22,5236,26420.96,26012.31,10 PM
2026-03-22,23,5236,26536.45,26143.72,11 PM
2026-03-23,0,5237,17058.53,16768.94,12 AM
2026-03-23,1,5237,17915.76,17582.79,1 AM
2026-03-23,2,5237,18004.05,17597.56,2 AM
2026-03-23,3,5237,17454.07,17039.13,3 AM
2026-03-23,4,5237,17159.2,16747.95,4 AM
2026-03-23,5,5237,17770.86,17352.93,5 AM
2026-03-23,6,5237,19893.89,19467.75,6 AM
2026-03-23,7,5237,20795.98,20379.03,7 AM
2026-03-23,8,5237,21139.54,20831.73,8 AM
2026-03-23,9,5237,19932.41,19715.65,9 AM
2026-03-23,10,5237,18916.52,18732.02,10 AM
2026-03-23,11,5237,18738.24,18451.12,11 AM
2026-03-23,12,5237,18148.25,17884.29,12 PM
2026-03-23,13,5237,17745.23,17476.58,1 PM
2026-03-23,14,5237,18359.54,18079.24,2 PM
2026-03-23,15,5237,19134.16,18937.76,3 PM
2026-03-23,16,5237,19113.04,18895.87,4 PM
2026-03-23,17,5237,19323.59,19089.5,5 PM
2026-03-23,18,5237,20796.12,20544.06,6 PM
2026-03-23,19,5237,22182.16,22216.34,7 PM
2026-03-23,20,5237,23723.1,23409.91,8 PM
2026-03-23,21,5237,24061.42,23717.13,9 PM
2026-03-23,22,5237,23230.55,22913.8,10 PM
2026-03-23,23,5237,21095.09,20850.92,11 PM
2026-03-24,0,5239,17441.13,17227.76,12 AM
2026-03-24,1,5239,18280.06,18058.16,1 AM
2026-03-24,2,5239,18255.73,18044.82,2 AM
2026-03-24,3,5239,17683.23,17477.2,3 AM
2026-03-24,4,5239,17355.31,17145.07,4 AM
2026-03-24,5,5239,18186.01,17954.58,5 AM
2026-03-24,6,5239,19999.3,19686.65,6 AM
2026-03-24,7,5239,21374.68,21055.72,7 AM
2026-03-24,8,5239,21923.23,21560.48,8 AM
2026-03-24,9,5239,20801.67,20528.39,9 AM
2026-03-24,10,5239,19952.53,19685.31,10 AM
2026-03-24,11,5239,18778.86,18645.38,11 AM
2026-03-24,12,5239,18062.21,17927.68,12 PM
2026-03-24,13,5239,17411.98,17292.32,1 PM
2026-03-24,14,5239,17243.69,17121.27,2 PM
2026-03-24,15,5239,17073.19,16965.26,3 PM
2026-03-24,16,5239,17613.14,17335.93,4 PM
2026-03-24,17,5239,18468.95,18280.0,5 PM
2026-03-24,18,5239,20373.93,20161.19,6 PM
2026-03-24,19,5239,22149.47,21961.77,7 PM
2026-03-24,20,5239,23639.23,23483.55,8 PM
2026-03-24,21,5239,24205.59,24044.2,9 PM
2026-03-24,22,5239,23534.08,23349.35,10 PM
2026-03-24,23,5239,21639.04,21500.3,11 PM
2026-03-25,0,5241,17401.36,17271.9,12 AM
2026-03-25,1,5241,18346.62,18219.08,1 AM
2026-03-25,2,5241,18266.83,18095.77,2 AM
2026-03-25,3,5241,17843.36,17644.93,3 AM
2026-03-25,4,5241,17606.45,17458.88,4 AM
2026-03-25,5,5241,18393.29,18284.65,5 AM
2026-03-25,6,5241,20652.65,20510.69,6 AM
2026-03-25,7,5241,21742.32,21598.34,7 AM
2026-03-25,8,5241,22113.07,21971.26,8 AM
2026-03-25,9,5241,20954.95,20834.78,9 AM
2026-03-25,10,5241,19719.29,19595.95,10 AM
2026-03-25,11,5241,18731.24,18564.09,11 AM
2026-03-25,12,5241,18083.32,17987.53,12 PM
2026-03-25,13,5241,17455.76,17271.67,1 PM
2026-03-25,14,5241,17428.47,17191.2,2 PM
2026-03-25,15,5241,18406.41,18148.66,3 PM
2026-03-25,16,5241,18156.01,17927.45,4 PM
2026-03-25,17,5241,18614.27,18353.08,5 PM
2026-03-25,18,5241,20340.52,20015.2,6 PM
2026-03-25,19,5241,22298.15,21771.58,7 PM
2026-03-25,20,5241,23714.5,23071.72,8 PM
2026-03-25,21,5241,24259.17,23691.9,9 PM
2026-03-25,22,5241,23438.32,23004.81,10 PM
2026-03-25,23,5241,21323.47,21027.07,11 PM
2026-03-26,0,5245,17589.88,17330.6,12 AM
2026-03-26,1,5245,18491.0,18192.35,1 AM
2026-03-26,2,5245,18640.27,18368.66,2 AM
2026-03-26,3,5245,18122.38,17785.41,3 AM
2026-03-26,4,5245,18017.15,17648.37,4 AM
2026-03-26,5,5245,18959.79,18537.43,5 AM
2026-03-26,6,5245,21382.53,20894.1,6 AM
2026-03-26,7,5245,22616.54,22050.69,7 AM
2026-03-26,8,5245,22991.21,22372.38,8 AM
2026-03-26,9,5245,21841.34,21257.03,9 AM
2026-03-26,10,5245,20478.78,19949.24,10 AM
2026-03-26,11,5245,18910.43,18383.84,11 AM
2026-03-26,12,5245,18178.84,17823.44,12 PM
2026-03-26,13,5245,17557.36,17356.01,1 PM
2026-03-26,14,5245,17183.56,17094.65,2 PM
2026-03-26,15,5245,18117.13,17988.89,3 PM
2026-03-26,16,5245,17648.5,17523.58,4 PM
2026-03-26,17,5245,18368.36,18244.14,5 PM
2026-03-26,18,5245,20441.41,20313.28,6 PM
2026-03-26,19,5245,22149.33,22034.04,7 PM
2026-03-26,20,5245,23674.09,23523.9,8 PM
2026-03-26,21,5245,24203.12,23969.65,9 PM
2026-03-26,22,5245,23559.88,23299.02,10 PM
2026-03-26,23,5245,21837.12,21560.49,11 PM
2026-03-27,0,5248,17464.15,17235.62,12 AM
2026-03-27,1,5248,18455.66,18209.8,1 AM
2026-03-27,2,5248,18449.62,18238.1,2 AM
2026-03-27,3,5248,17960.02,17773.49,3 AM
2026-03-27,4,5248,17744.25,17521.23,4 AM
2026-03-27,5,5248,18609.44,18378.87,5 AM
2026-03-27,6,5248,20710.45,20473.73,6 AM
2026-03-27,7,5248,21978.97,21726.69,7 AM
2026-03-27,8,5248,22472.73,22224.19,8 AM
2026-03-27,9,5248,21347.83,21147.03,9 AM
2026-03-27,10,5248,20363.3,20180.82,10 AM
2026-03-27,11,5248,18973.01,18804.12,11 AM
2026-03-27,12,5248,17964.84,17830.72,12 PM
2026-03-27,13,5248,17546.24,17340.35,1 PM
2026-03-27,14,5248,17176.22,16970.54,2 PM
2026-03-27,15,5248,17366.49,17100.5,3 PM
2026-03-27,16,5248,17465.14,17077.93,4 PM
2026-03-27,17,5248,18581.35,18124.31,5 PM
2026-03-27,18,5248,20450.89,19932.99,6 PM
2026-03-27,19,5248,22219.68,21672.3,7 PM
2026-03-27,20,5248,23656.99,23108.28,8 PM
2026-03-27,21,5248,24275.01,23716.22,9 PM
2026-03-27,22,5248,23539.25,23029.33,10 PM
2026-03-27,23,5248,21742.91,21323.35,11 PM
2026-03-28,0,5252,16961.13,16608.5,12 AM
2026-03-28,1,5252,18826.65,18760.34,1 AM
2026-03-28,2,5252,19655.03,19279.27,2 AM
2026-03-28,3,5252,19634.72,19244.32,3 AM
2026-03-28,4,5252,18971.98,18658.73,4 AM
2026-03-28,5,5252,18661.51,18331.49,5 AM
2026-03-28,6,5252,19019.32,18703.32,6 AM
2026-03-28,7,5252,19294.44,18976.24,7 AM
2026-03-28,8,5252,19878.92,19808.03,8 AM
2026-03-28,9,5252,19122.6,19105.76,9 AM
2026-03-28,10,5252,18511.5,18283.03,10 AM
2026-03-28,11,5252,17880.25,17658.68,11 AM
2026-03-28,12,5252,17645.29,17437.93,12 PM
2026-03-28,13,5252,17243.37,17081.71,1 PM
2026-03-28,14,5252,16692.36,16610.8,2 PM
2026-03-28,15,5252,16884.73,16775.73,3 PM
2026-03-28,16,5252,16845.4,16812.39,4 PM
2026-03-28,17,5252,17371.79,17349.92,5 PM
2026-03-28,18,5252,19025.42,18766.97,6 PM
2026-03-28,19,5252,20900.0,20628.04,7 PM
2026-03-28,20,5252,23116.98,22786.32,8 PM
2026-03-28,21,5252,24816.28,24369.69,9 PM
2026-03-28,22,5252,25517.63,25071.07,10 PM
2026-03-28,23,5252,24719.39,24251.49,11 PM
2026-03-29,0,5254,18066.49,17761.21,12 AM
2026-03-29,1,5254,20277.74,19934.28,1 AM
2026-03-29,2,5254,21798.91,21409.67,2 AM
2026-03-29,3,5254,22425.66,22043.42,3 AM
2026-03-29,4,5254,22027.42,21632.03,4 AM
2026-03-29,5,5254,21448.5,21089.8,5 AM
2026-03-29,6,5254,21457.95,21095.53,6 AM
2026-03-29,7,5254,21054.67,20846.01,7 AM
2026-03-29,8,5254,20959.83,20755.39,8 AM
2026-03-29,9,5254,19586.76,19409.35,9 AM
2026-03-29,10,5254,18499.69,18335.78,10 AM
2026-03-29,11,5254,17103.13,16787.03,11 AM
2026-03-29,12,5254,16483.17,16345.59,12 PM
2026-03-29,13,5254,15918.76,15821.51,1 PM
2026-03-29,14,5254,15531.7,15455.86,2 PM
2026-03-29,15,5254,16073.68,15982.55,3 PM
2026-03-29,16,5254,15690.07,15590.26,4 PM
2026-03-29,17,5254,16531.47,16428.62,5 PM
2026-03-29,18,5254,18258.45,18177.31,6 PM
2026-03-29,19,5254,20181.58,20071.93,7 PM
2026-03-29,20,5254,22712.98,22571.55,8 PM
2026-03-29,21,5254,25093.56,24906.11,9 PM
2026-03-29,22,5254,27047.57,26769.52,10 PM
2026-03-29,23,5254,27636.33,27324.24,11 PM
2026-03-30,0,5255,17286.16,17020.04,12 AM
2026-03-30,1,5255,18260.74,17922.07,1 AM
2026-03-30,2,5255,18217.96,17897.26,2 AM
2026-03-30,3,5255,17638.16,17327.23,3 AM
2026-03-30,4,5255,17337.25,17068.26,4 AM
2026-03-30,5,5255,18071.21,17819.2,5 AM
2026-03-30,6,5255,20126.75,19872.94,6 AM
2026-03-30,7,5255,21238.32,20960.71,7 AM
2026-03-30,8,5255,21651.88,21296.78,8 AM
2026-03-30,9,5255,20665.72,20322.5,9 AM
2026-03-30,10,5255,19590.87,19277.84,10 AM
2026-03-30,11,5255,18670.34,18373.71,11 AM
2026-03-30,12,5255,17984.32,17577.64,12 PM
2026-03-30,13,5255,17576.02,17174.53,1 PM
2026-03-30,14,5255,17085.08,16694.7,2 PM
2026-03-30,15,5255,17842.46,17432.84,3 PM
2026-03-30,16,5255,17797.6,17398.06,4 PM
2026-03-30,17,5255,18461.7,18065.15,5 PM
2026-03-30,18,5255,20398.06,19997.29,6 PM
2026-03-30,19,5255,22371.22,21948.62,7 PM
2026-03-30,20,5255,23721.6,23257.67,8 PM
2026-03-30,21,5255,24323.22,23888.75,9 PM
2026-03-30,22,5255,23392.44,22950.79,10 PM
2026-03-30,23,5255,21277.65,20849.74,11 PM
2026-03-31,0,5260,17746.45,17458.49,12 AM
2026-03-31,1,5260,18619.64,18303.64,1 AM
2026-03-31,2,5260,18619.82,18359.18,2 AM
2026-03-31,3,5260,18144.75,17865.57,3 AM
2026-03-31,4,5260,17821.83,17542.31,4 AM
2026-03-31,5,5260,18816.78,18411.43,5 AM
2026-03-31,6,5260,20965.2,20537.05,6 AM
2026-03-31,7,5260,22367.43,22028.86,7 AM
2026-03-31,8,5260,23059.69,22784.61,8 AM
2026-03-31,9,5260,21874.36,21749.2,9 AM
2026-03-31,10,5260,21097.05,21036.11,10 AM
2026-03-31,11,5260,19730.93,19685.19,11 AM
2026-03-31,12,5260,18129.14,18092.12,12 PM
2026-03-31,13,5260,17511.17,17494.7,1 PM
2026-03-31,14,5260,17204.1,17181.27,2 PM
2026-03-31,15,5260,17096.72,17054.61,3 PM
2026-03-31,16,5260,17541.97,17484.07,4 PM
2026-03-31,17,5260,18483.22,18414.33,5 PM
2026-03-31,18,5260,20461.83,20359.11,6 PM
2026-03-31,19,5260,22217.94,22136.24,7 PM
2026-03-31,20,5260,23753.26,23945.99,8 PM
2026-03-31,21,5260,24648.09,24600.52,9 PM
2026-03-31,22,5260,24203.05,24189.46,10 PM
2026-03-31,23,5260,22184.26,22185.87,11 PM
